indicator,type,sources,source_count,first_seen,last_seen,confidence,severity,tags,descriptions,asn,country,organization,latitude,longitude,ports,services,malware_families,references,raw_data_sources
,ip,['abuseipdb'],1,,2025-10-12T22:38:21.915997,0.0,high,[],['Abuse confidence: 0%'],,IN,AS134866 Sscn Pvt Ltd,19.4559,72.8114,[],[],[],[],"{'abuseipdb': {'data': {'ipAddress': '8.8.8.8', 'isPublic': True, 'ipVersion': 4, 'isWhitelisted': True, 'abuseConfidenceScore': 0, 'countryCode': 'US', 'usageType': 'Content Delivery Network', 'isp': 'Google LLC', 'domain': 'google.com', 'hostnames': ['dns.google'], 'isTor': False, 'totalReports': 133, 'numDistinctUsers': 43, 'lastReportedAt': '2025-10-12T03:26:25+00:00'}}}"
03ab706b45b1190c1f14059a2b443b13,hash_md5,['alienvault'],1,2025-09-10T20:03:10,,0.7,medium,[],[''],,,,,,[],[],[],[],"{'alienvault': {'pulse_key': '68c1d94aeea0cbf6a74fd693', 'id': 4129011430, 'indicator': '03ab706b45b1190c1f14059a2b443b13', 'type': 'FileHash-MD5', 'created': '2025-09-10T20:03:10', 'content': '', 'title': '', 'description': '', 'expiration': None, 'is_active': 1, 'false_positive': {'assessment': None, 'assessment_date': None, 'report_date': None}, 'slug': 'file', 'pulse_id': '68c1d94aeea0cbf6a74fd693'}}"
06fc70aa08756a752546198ceb9770068a2776c5b898e5ff24af9ed4a823fd9d,hash_sha256,['alienvault'],1,2025-10-10T20:35:54,,0.7,medium,[],[''],,,,,,[],[],[],[],"{'alienvault': {'pulse_key': '68e96e29b73e5334019b8810', 'id': 4134919432, 'indicator': '06fc70aa08756a752546198ceb9770068a2776c5b898e5ff24af9ed4a823fd9d', 'type': 'FileHash-SHA256', 'created': '2025-10-10T20:35:54', 'content': '', 'title': '', 'description': '', 'expiration': None, 'is_active': 1, 'false_positive': {'assessment': None, 'assessment_date': None, 'report_date': None}, 'slug': 'file', 'pulse_id': '68e96e29b73e5334019b8810'}}"
0f37cd2f6b40649b82ba4f1921cd504b,hash_md5,['alienvault'],1,2025-09-10T20:03:10,,0.7,medium,[],[''],,,,,,[],[],[],[],"{'alienvault': {'pulse_key': '68c1d94aeea0cbf6a74fd693', 'id': 4129011431, 'indicator': '0f37cd2f6b40649b82ba4f1921cd504b', 'type': 'FileHash-MD5', 'created': '2025-09-10T20:03:10', 'content': '', 'title': '', 'description': '', 'expiration': None, 'is_active': 1, 'false_positive': {'assessment': None, 'assessment_date': None, 'report_date': None}, 'slug': 'file', 'pulse_id': '68c1d94aeea0cbf6a74fd693'}}"
0f45e73eccdb485e662c49fbd4821324,hash_md5,['alienvault'],1,2025-09-10T20:03:10,,0.7,medium,[],[''],,,,,,[],[],[],[],"{'alienvault': {'pulse_key': '68c1d94aeea0cbf6a74fd693', 'id': 4129011432, 'indicator': '0f45e73eccdb485e662c49fbd4821324', 'type': 'FileHash-MD5', 'created': '2025-09-10T20:03:10', 'content': '', 'title': '', 'description': '', 'expiration': None, 'is_active': 1, 'false_positive': {'assessment': None, 'assessment_date': None, 'report_date': None}, 'slug': 'file', 'pulse_id': '68c1d94aeea0cbf6a74fd693'}}"
157.66.26.209,ip,['alienvault'],1,2025-10-10T20:35:54,,0.7,medium,[],[''],,VN,AS149107 TRUMVPS COMPANY LIMITED,21.0245,105.8412,[],[],[],[],"{'alienvault': {'pulse_key': '68e96e29b73e5334019b8810', 'id': 4077707549, 'indicator': '157.66.26.209', 'type': 'IPv4', 'created': '2025-10-10T20:35:54', 'content': '', 'title': '', 'description': 'CC=JP ASN=ASNone', 'expiration': '2025-11-09T20:00:00', 'is_active': 1, 'false_positive': {'assessment': None, 'assessment_date': None, 'report_date': None}, 'slug': 'ip', 'pulse_id': '68e96e29b73e5334019b8810'}}"
16c95842bedc3c4d1df053ea9ae188d7,hash_md5,['alienvault'],1,2025-09-10T20:03:10,,0.7,medium,[],[''],,,,,,[],[],[],[],"{'alienvault': {'pulse_key': '68c1d94aeea0cbf6a74fd693', 'id': 4129011433, 'indicator': '16c95842bedc3c4d1df053ea9ae188d7', 'type': 'FileHash-MD5', 'created': '2025-09-10T20:03:10', 'content': '', 'title': '', 'description': '', 'expiration': None, 'is_active': 1, 'false_positive': {'assessment': None, 'assessment_date': None, 'report_date': None}, 'slug': 'file', 'pulse_id': '68c1d94aeea0cbf6a74fd693'}}"
1b272eb601bd48d296995d73f2cdda54ae5f9fa534efc5a6f1dab3e879014b57,hash_sha256,['alienvault'],1,2025-09-12T14:56:56,,0.7,medium,[],[''],,,,,,[],[],[],[],"{'alienvault': {'pulse_key': '68c434b702367baa76c87ab9', 'id': 4129651473, 'indicator': '1b272eb601bd48d296995d73f2cdda54ae5f9fa534efc5a6f1dab3e879014b57', 'type': 'FileHash-SHA256', 'created': '2025-09-12T14:56:56', 'content': '', 'title': '', 'description': '', 'expiration': None, 'is_active': 1, 'false_positive': {'assessment': None, 'assessment_date': None, 'report_date': None}, 'slug': 'file', 'pulse_id': '68c434b702367baa76c87ab9'}}"
1h.vuregyy1.ru,unknown,['alienvault'],1,2025-09-12T14:56:56,,0.7,medium,[],[''],,,,,,[],[],[],[],"{'alienvault': {'pulse_key': '68c434b702367baa76c87ab9', 'id': 4124190156, 'indicator': '1h.vuregyy1.ru', 'type': 'hostname', 'created': '2025-09-12T14:56:56', 'content': '', 'title': '', 'description': '', 'expiration': None, 'is_active': 1, 'false_positive': {'assessment': None, 'assessment_date': None, 'report_date': None}, 'slug': 'hostname', 'pulse_id': '68c434b702367baa76c87ab9'}}"
2a2900a9792f8020a9deda0d676fe989,hash_md5,['alienvault'],1,2025-09-10T20:03:10,,0.7,medium,[],[''],,,,,,[],[],[],[],"{'alienvault': {'pulse_key': '68c1d94aeea0cbf6a74fd693', 'id': 4129011434, 'indicator': '2a2900a9792f8020a9deda0d676fe989', 'type': 'FileHash-MD5', 'created': '2025-09-10T20:03:10', 'content': '', 'title': '', 'description': '', 'expiration': None, 'is_active': 1, 'false_positive': {'assessment': None, 'assessment_date': None, 'report_date': None}, 'slug': 'file', 'pulse_id': '68c1d94aeea0cbf6a74fd693'}}"
318a1ebc0692d1d012d20d306d6634b196cc387b1f4bc38f97dd437f117c7e20,hash_sha256,['alienvault'],1,2025-09-11T19:39:21,,0.7,medium,[],[''],,,,,,[],[],[],[],"{'alienvault': {'pulse_key': '68c32568c1f6fad2db3a2d3a', 'id': 4129330280, 'indicator': '318a1ebc0692d1d012d20d306d6634b196cc387b1f4bc38f97dd437f117c7e20', 'type': 'FileHash-SHA256', 'created': '2025-09-11T19:39:21', 'content': '', 'title': '', 'description': '', 'expiration': None, 'is_active': 1, 'false_positive': {'assessment': None, 'assessment_date': None, 'report_date': None}, 'slug': 'file', 'pulse_id': '68c32568c1f6fad2db3a2d3a'}}"
3552b1fded77d4c0ec440f596de12f33be29c5a0b5463fd157c0d27259e5a2df,hash_sha256,['alienvault'],1,2025-09-12T14:56:56,,0.7,medium,[],[''],,,,,,[],[],[],[],"{'alienvault': {'pulse_key': '68c434b702367baa76c87ab9', 'id': 4129651474, 'indicator': '3552b1fded77d4c0ec440f596de12f33be29c5a0b5463fd157c0d27259e5a2df', 'type': 'FileHash-SHA256', 'created': '2025-09-12T14:56:56', 'content': '', 'title': '', 'description': '', 'expiration': None, 'is_active': 1, 'false_positive': {'assessment': None, 'assessment_date': None, 'report_date': None}, 'slug': 'file', 'pulse_id': '68c434b702367baa76c87ab9'}}"
37fc6016eea22ac5692694835dda5e590dc68412ac3a1523ba2792428053fbf4,hash_sha256,['alienvault'],1,2025-09-12T14:56:56,,0.7,medium,[],[''],,,,,,[],[],[],[],"{'alienvault': {'pulse_key': '68c434b702367baa76c87ab9', 'id': 4129651475, 'indicator': '37fc6016eea22ac5692694835dda5e590dc68412ac3a1523ba2792428053fbf4', 'type': 'FileHash-SHA256', 'created': '2025-09-12T14:56:56', 'content': '', 'title': '', 'description': '', 'expiration': None, 'is_active': 1, 'false_positive': {'assessment': None, 'assessment_date': None, 'report_date': None}, 'slug': 'file', 'pulse_id': '68c434b702367baa76c87ab9'}}"
3ca1b4542c44834839149e080e5c0498,hash_md5,['alienvault'],1,2025-09-10T20:03:10,,0.7,medium,[],[''],,,,,,[],[],[],[],"{'alienvault': {'pulse_key': '68c1d94aeea0cbf6a74fd693', 'id': 4129011435, 'indicator': '3ca1b4542c44834839149e080e5c0498', 'type': 'FileHash-MD5', 'created': '2025-09-10T20:03:10', 'content': '', 'title': '', 'description': '', 'expiration': None, 'is_active': 1, 'false_positive': {'assessment': None, 'assessment_date': None, 'report_date': None}, 'slug': 'file', 'pulse_id': '68c1d94aeea0cbf6a74fd693'}}"
50258134199482753e9ba3e04d8265d5f64d73a5099f689abcd1c93b5a1b80ee,hash_sha256,['alienvault'],1,2025-09-12T14:56:56,,0.7,medium,[],[''],,,,,,[],[],[],[],"{'alienvault': {'pulse_key': '68c434b702367baa76c87ab9', 'id': 4129651476, 'indicator': '50258134199482753e9ba3e04d8265d5f64d73a5099f689abcd1c93b5a1b80ee', 'type': 'FileHash-SHA256', 'created': '2025-09-12T14:56:56', 'content': '', 'title': '', 'description': '', 'expiration': None, 'is_active': 1, 'false_positive': {'assessment': None, 'assessment_date': None, 'report_date': None}, 'slug': 'file', 'pulse_id': '68c434b702367baa76c87ab9'}}"
51:65:5e:8e:97:fc:72:65:b1:aa:a4:26:5d:94:e2:f7:ca:e9:c9:13,unknown,['alienvault'],1,2025-09-10T20:03:10,,0.7,medium,[],[''],,,,,,[],[],[],[],"{'alienvault': {'pulse_key': '68c1d94aeea0cbf6a74fd693', 'id': 4129011466, 'indicator': '51:65:5e:8e:97:fc:72:65:b1:aa:a4:26:5d:94:e2:f7:ca:e9:c9:13', 'type': 'SSLCertFingerprint', 'created': '2025-09-10T20:03:10', 'content': '', 'title': '', 'description': '', 'expiration': None, 'is_active': 1, 'false_positive': {'assessment': None, 'assessment_date': None, 'report_date': None}, 'slug': 'ssl-cert-fingerprint', 'pulse_id': '68c1d94aeea0cbf6a74fd693'}}"
52273e057552d886effa29cd2e78836e906ca167f65dd8a6b6a6c1708ffdfcfd,hash_sha256,['alienvault'],1,2025-09-12T14:56:56,,0.7,medium,[],[''],,,,,,[],[],[],[],"{'alienvault': {'pulse_key': '68c434b702367baa76c87ab9', 'id': 4129651477, 'indicator': '52273e057552d886effa29cd2e78836e906ca167f65dd8a6b6a6c1708ffdfcfd', 'type': 'FileHash-SHA256', 'created': '2025-09-12T14:56:56', 'content': '', 'title': '', 'description': '', 'expiration': None, 'is_active': 1, 'false_positive': {'assessment': None, 'assessment_date': None, 'report_date': None}, 'slug': 'file', 'pulse_id': '68c434b702367baa76c87ab9'}}"
537299a4e6c0f286c8a33fb444846a85,hash_md5,['alienvault'],1,2025-09-10T20:03:10,,0.7,medium,[],[''],,,,,,[],[],[],[],"{'alienvault': {'pulse_key': '68c1d94aeea0cbf6a74fd693', 'id': 4129011436, 'indicator': '537299a4e6c0f286c8a33fb444846a85', 'type': 'FileHash-MD5', 'created': '2025-09-10T20:03:10', 'content': '', 'title': '', 'description': '', 'expiration': None, 'is_active': 1, 'false_positive': {'assessment': None, 'assessment_date': None, 'report_date': None}, 'slug': 'file', 'pulse_id': '68c1d94aeea0cbf6a74fd693'}}"
5e3b763a9ba153edade783e8a0303177,hash_md5,['alienvault'],1,2025-09-10T20:03:10,,0.7,medium,[],[''],,,,,,[],[],[],[],"{'alienvault': {'pulse_key': '68c1d94aeea0cbf6a74fd693', 'id': 4129011437, 'indicator': '5e3b763a9ba153edade783e8a0303177', 'type': 'FileHash-MD5', 'created': '2025-09-10T20:03:10', 'content': '', 'title': '', 'description': '', 'expiration': None, 'is_active': 1, 'false_positive': {'assessment': None, 'assessment_date': None, 'report_date': None}, 'slug': 'file', 'pulse_id': '68c1d94aeea0cbf6a74fd693'}}"
6296ae44fae279994f4b127bd08db3e1,hash_md5,['alienvault'],1,2025-09-12T01:41:36,,0.7,medium,[],[''],,,,,,[],[],[],[],"{'alienvault': {'pulse_key': '68c37a4f61a4eeb53a76aef0', 'id': 4129429400, 'indicator': '6296ae44fae279994f4b127bd08db3e1', 'type': 'FileHash-MD5', 'created': '2025-09-12T01:41:36', 'content': '', 'title': '', 'description': '', 'expiration': None, 'is_active': 1, 'false_positive': {'assessment': None, 'assessment_date': None, 'report_date': None}, 'slug': 'file', 'pulse_id': '68c37a4f61a4eeb53a76aef0'}}"
63a4fbb304ce66ba2b8e87fae96ab35a,hash_md5,['alienvault'],1,2025-09-10T20:03:10,,0.7,medium,[],[''],,,,,,[],[],[],[],"{'alienvault': {'pulse_key': '68c1d94aeea0cbf6a74fd693', 'id': 4129011438, 'indicator': '63a4fbb304ce66ba2b8e87fae96ab35a', 'type': 'FileHash-MD5', 'created': '2025-09-10T20:03:10', 'content': '', 'title': '', 'description': '', 'expiration': None, 'is_active': 1, 'false_positive': {'assessment': None, 'assessment_date': None, 'report_date': None}, 'slug': 'file', 'pulse_id': '68c1d94aeea0cbf6a74fd693'}}"
64:30:42:df:50:ce:f0:80:e4:48:51:e7:d5:d6:f6:54:f7:72:eb:c5,unknown,['alienvault'],1,2025-09-10T20:03:10,,0.7,medium,[],[''],,,,,,[],[],[],[],"{'alienvault': {'pulse_key': '68c1d94aeea0cbf6a74fd693', 'id': 4129011467, 'indicator': '64:30:42:df:50:ce:f0:80:e4:48:51:e7:d5:d6:f6:54:f7:72:eb:c5', 'type': 'SSLCertFingerprint', 'created': '2025-09-10T20:03:10', 'content': '', 'title': '', 'description': '', 'expiration': None, 'is_active': 1, 'false_positive': {'assessment': None, 'assessment_date': None, 'report_date': None}, 'slug': 'ssl-cert-fingerprint', 'pulse_id': '68c1d94aeea0cbf6a74fd693'}}"
7392c09e0ac355e15b2d1236e62b6a57,hash_md5,['alienvault'],1,2025-09-10T20:03:10,,0.7,medium,[],[''],,,,,,[],[],[],[],"{'alienvault': {'pulse_key': '68c1d94aeea0cbf6a74fd693', 'id': 4129011439, 'indicator': '7392c09e0ac355e15b2d1236e62b6a57', 'type': 'FileHash-MD5', 'created': '2025-09-10T20:03:10', 'content': '', 'title': '', 'description': '', 'expiration': None, 'is_active': 1, 'false_positive': {'assessment': None, 'assessment_date': None, 'report_date': None}, 'slug': 'file', 'pulse_id': '68c1d94aeea0cbf6a74fd693'}}"
782b07c9af047cdeda6ba036cfc30c5be8edfbbf0d22f2c110fd0eb1a1a8e57d,hash_sha256,['alienvault'],1,2025-09-12T14:56:56,,0.7,medium,[],[''],,,,,,[],[],[],[],"{'alienvault': {'pulse_key': '68c434b702367baa76c87ab9', 'id': 4129651478, 'indicator': '782b07c9af047cdeda6ba036cfc30c5be8edfbbf0d22f2c110fd0eb1a1a8e57d', 'type': 'FileHash-SHA256', 'created': '2025-09-12T14:56:56', 'content': '', 'title': '', 'description': '', 'expiration': None, 'is_active': 1, 'false_positive': {'assessment': None, 'assessment_date': None, 'report_date': None}, 'slug': 'file', 'pulse_id': '68c434b702367baa76c87ab9'}}"
792005181a433afc9f7a8c230dcf4dfa,hash_md5,['alienvault'],1,2025-09-10T20:03:10,,0.7,medium,[],[''],,,,,,[],[],[],[],"{'alienvault': {'pulse_key': '68c1d94aeea0cbf6a74fd693', 'id': 4129011440, 'indicator': '792005181a433afc9f7a8c230dcf4dfa', 'type': 'FileHash-MD5', 'created': '2025-09-10T20:03:10', 'content': '', 'title': '', 'description': '', 'expiration': None, 'is_active': 1, 'false_positive': {'assessment': None, 'assessment_date': None, 'report_date': None}, 'slug': 'file', 'pulse_id': '68c1d94aeea0cbf6a74fd693'}}"
7de52573ebe4073fa97fc72d9b6a9b7a,hash_md5,['alienvault'],1,2025-09-10T20:03:10,,0.7,medium,[],[''],,,,,,[],[],[],[],"{'alienvault': {'pulse_key': '68c1d94aeea0cbf6a74fd693', 'id': 4129011441, 'indicator': '7de52573ebe4073fa97fc72d9b6a9b7a', 'type': 'FileHash-MD5', 'created': '2025-09-10T20:03:10', 'content': '', 'title': '', 'description': '', 'expiration': None, 'is_active': 1, 'false_positive': {'assessment': None, 'assessment_date': None, 'report_date': None}, 'slug': 'file', 'pulse_id': '68c1d94aeea0cbf6a74fd693'}}"
7ec144401e983edbb5196699773c3660,hash_md5,['alienvault'],1,2025-09-10T20:03:10,,0.7,medium,[],[''],,,,,,[],[],[],[],"{'alienvault': {'pulse_key': '68c1d94aeea0cbf6a74fd693', 'id': 4129011442, 'indicator': '7ec144401e983edbb5196699773c3660', 'type': 'FileHash-MD5', 'created': '2025-09-10T20:03:10', 'content': '', 'title': '', 'description': '', 'expiration': None, 'is_active': 1, 'false_positive': {'assessment': None, 'assessment_date': None, 'report_date': None}, 'slug': 'file', 'pulse_id': '68c1d94aeea0cbf6a74fd693'}}"
8.8.8.8,ip,"['alienvault', 'greynoise', 'shodan']",3,,2025-10-12T22:38:21.915997,0.84,high,['benign'],"['', 'Open ports: 443, 53']",,US,AS15169 Google LLC,37.4056,-122.0775,"[0, 443, 53]","['', 'port_53', 'port_443']",[],[],"{'alienvault': {'whois': 'http://whois.domaintools.com/8.8.8.8', 'reputation': 0, 'indicator': '8.8.8.8', 'type': 'IPv4', 'type_title': 'IPv4', 'base_indicator': {'id': 11911, 'indicator': '8.8.8.8', 'type': 'IPv4', 'title': '', 'description': '', 'content': '', 'access_type': 'public', 'access_reason': ''}, 'pulse_info': {'count': 0, 'pulses': [], 'references': [], 'related': {'alienvault': {'adversary': [], 'malware_families': [], 'industries': []}, 'other': {'adversary': [], 'malware_families': [], 'industries': []}}}, 'false_positive': [{'assessment': 'accepted', 'assessment_date': '2021-05-19T15:36:44.966000', 'report_date': '2021-03-16T14:46:19.003000'}], 'validation': [{'source': 'false_positive', 'message': 'Known False Positive', 'name': 'Known False Positive'}, {'source': 'whitelist', 'message': 'contained in whitelisted prefix', 'name': 'Whitelisted IP'}], 'asn': 'AS15169 google llc', 'city_data': True, 'city': None, 'region': None, 'continent_code': 'NA', 'country_code3': 'USA', 'country_code2': 'US', 'subdivision': None, 'latitude': 37.751, 'postal_code': None, 'longitude': -97.822, 'accuracy_radius': 1000, 'country_code': 'US', 'country_name': 'United States of America', 'dma_code': 0, 'charset': 0, 'area_code': 0, 'flag_url': '/assets/images/flags/us.png', 'flag_title': 'United States of America', 'sections': ['general', 'geo', 'reputation', 'url_list', 'passive_dns', 'malware', 'nids_list', 'http_scans']}, 'greynoise': {'ip': '8.8.8.8', 'noise': False, 'riot': True, 'classification': 'benign', 'name': 'Google Public DNS', 'link': 'https://viz.greynoise.io/ip/8.8.8.8', 'last_seen': '2025-10-12', 'message': 'Success'}, 'shodan': {'region_code': 'CA', 'tags': [], 'ip': 134744072, 'area_code': None, 'domains': ['dns.google'], 'hostnames': ['dns.google'], 'country_code': 'US', 'org': 'Google LLC', 'data': [{'asn': 'AS15169', 'hash': -553166942, 'os': None, 'timestamp': '2025-10-12T03:41:02.850532', 'isp': 'Google LLC', 'transport': 'tcp', '_shodan': {'region': 'na', 'module': 'dns-tcp', 'ptr': True, 'options': {}, 'id': 'e7cb730e-7e88-4a11-9ca2-2a3b49ca19d8', 'crawler': '90a359c2c5601decd86ee088ba89601ca8256a61'}, 'hostnames': ['dns.google'], 'location': {'city': 'Mountain View', 'region_code': 'CA', 'area_code': None, 'longitude': -122.11746, 'latitude': 38.00881, 'country_code': 'US', 'country_name': 'United States'}, 'dns': {'software': None, 'recursive': True, 'resolver_id': None, 'resolver_hostname': None}, 'ip': 134744072, 'domains': ['dns.google'], 'org': 'Google LLC', 'data': '\nRecursion: enabled', 'port': 53, 'opts': {}, 'ip_str': '8.8.8.8'}, {'asn': 'AS15169', 'hash': -553166942, 'os': None, 'timestamp': '2025-10-12T06:54:19.280889', 'isp': 'Google LLC', 'transport': 'udp', '_shodan': {'region': 'na', 'module': 'dns-udp', 'ptr': True, 'options': {}, 'id': '3405c741-0f80-4605-9b88-856d35e08aba', 'crawler': '49217c0cdcbcebaf23c2979ae16d4eba64180b1f'}, 'hostnames': ['dns.google'], 'location': {'city': 'Mountain View', 'region_code': 'CA', 'area_code': None, 'longitude': -122.11746, 'latitude': 38.00881, 'country_code': 'US', 'country_name': 'United States'}, 'dns': {'software': None, 'recursive': True, 'resolver_id': None, 'resolver_hostname': None}, 'ip': 134744072, 'domains': ['dns.google'], 'org': 'Google LLC', 'data': '\nRecursion: enabled', 'port': 53, 'opts': {'raw': '34ef81820001000000000000026964067365727665720000100003'}, 'ip_str': '8.8.8.8'}, {'hash': -448133191, 'asn': 'AS15169', 'http': {'status': 200, 'robots_hash': None, 'redirects': [{'host': '8.8.8.8', 'data': 'HTTP/1.1 302 Found\r\nX-Content-Type-Options: nosniff\r\nAccess-Control-Allow-Origin: *\r\nLocation: https://dns.google/\r\nDate: Sun, 12 Oct 2025 00:47:55 GMT\r\nContent-Type: text/html; charset=UTF-8\r\nServer: HTTP server (unknown)\r\nContent-Length: 216\r\nX-XSS-Protection: 0\r\nX-Frame-Options: SAMEORIGIN\r\nAlt-Svc: h3="":443""; ma=2592000,h3-29="":443""; ma=2592000\r\n\r\n', 'location': '/'}], 'title_hash': 481067853, 'securitytxt': None, 'title': 'Google Public DNS', 'sitemap_hash': None, 'robots': None, 'server': 'scaffolding on HTTPServer2', 'dom_hash': -476789325, 'headers_hash': -2100472678, 'host': 'dns.google', 'html': '<!DOCTYPE html>\n<html lang=""en""> <head> <title>Google Public DNS</title>  <meta charset=""UTF-8""> <link href=""/static/93dd5954/favicon.png"" rel=""shortcut icon"" type=""image/png""> <link href=""/static/e6eca759/matter.min.css"" rel=""stylesheet""> <link href=""/static/b8536c37/shared.css"" rel=""stylesheet""> <meta name=""viewport"" content=""width=device-width, initial-scale=1"">  <link href=""/static/d05cd6ba/root.css"" rel=""stylesheet""> </head> <body> <span class=""filler top""></span>   <div class=""logo"" title=""Google Public DNS""> <div class=""logo-text""><span>Public DNS</span></div> </div>  <form action=""/query"" method=""GET"">  <div class=""row""> <label class=""matter-textfield-outlined""> <input name=""name"" placeholder=""&nbsp;"" type=""text""> <span>DNS Name</span> <p class=""help""> Enter a domain (like example.com) or IP address (like 8.8.8.8 or 2001:4860:4860::8844) here. </p> </label> <button class=""matter-button-contained matter-primary"" type=""submit"">Resolve</button> </div> </form>  <span class=""filler bottom""></span> <footer class=""row""> <a href=""https://developers.google.com/speed/public-dns"">Help</a> <a href=""/cache"">Cache Flush</a> <span class=""filler""></span> <a href=""https://developers.google.com/speed/public-dns/docs/using""> Get Started with Google Public DNS </a> </footer>   <script nonce=""9RDPN3WaswyEr6gtk2ssww"">document.forms[0].name.focus();</script> </body> </html>', 'server_hash': -650751690, 'location': '/', 'components': {'HTTP/3': {'categories': ['Miscellaneous']}, 'HSTS': {'categories': ['Security']}}, 'securitytxt_hash': None, 'favicon': {'data': 'iVBORw0KGgoAAAANSUhEUgAAAIAAAACACAMAAAD04JH5AAABa1BMVEUAAAA0p100qFM0qFY1pW81\npmg1p141p2M2pHw2pH02pXU3oYs3ook4n5k4oY85np86m6s6m6w7mLo7mLs7mbY7mbc7p1M8lcQ8\nlsM+ks4+ks8+oYo/j9g/j9k/kNg/p1NAiudAi+VAjOFAjeBBh+9BiO1BietChfRChvJEhfRIhvNI\npVJJonNKhPJMhPJMpVJRkcdTh/BXo1FZie5ag+xeie1fhORmlZ5on1Bsnk90juV4m05+jOCAmE2D\ngMuMkdmNk0yQkkuQlNeWltSXj0qliEiubLqvgka0f0W1lbm4m7e7mrS9eUPBdkLHcEDOm5vSZj3S\noJXTZD3UoJLZXTvdWTrgonzhUzjkTjflp3LmSjfoRjboRzbqQzXqRDXqRTXqRjXqRzXsYDHtYjHt\nYzHtqlruqlfveSzveizweyzwr0/yjSbyjib1nSD1nh/1nx/3tSz4rBf4rRb4tyb6uQn6uQr6uhn7\nugj7vAU/At79AAAAAXRSTlMAQObYZgAAArlJREFUeNrt2PVz1EAYxvFlcSnFXQoUXgoUdyvu7ra4\nFy22fz53NJ27Xmx38z7vwpHnl860yXw/c9PJJVGqXuXp9KLGBRG6bHHrWIJ2XeQ8iKB1VIH2Xuw+\nryCkr7dH7vcSRe3PWE9cgqD+xJVETIKgvp5PxCQI68/eyAUI60/uI+IRhPX1MmICBPbnEjEJnC52\nqd9O7+cCuF9p2/8wZS3hAUXHLiZiEnh+zSR/7CE4oPD4SRvYAP7fss1L8AoCA0pOWUjEJQi5y9DL\nB+MC1F4CA8pOIj5A4G1elwNUDfjfAaoGhAGUJAB8Ja4BQX3JL0PO/l8K0P59QQBv31tAJAPQYn2v\n5yIC9D2eDImkAe0EIlTf4fXEPiJkvxSwZTe2XyZIXgUC+yWCefh+oWDmoEBfHXd5FQjsK3V5Ww5g\nqUxfqdtHMvtzhPJKmYfnVqf70/qF+qa5Gwc6+xPWyfRNsgenOwBLZP4BTGtXdrb3ewYkLgFm3O4e\na/XTrwIRAtOxx5c2j12CVxHhBSa9W4dGAQuI8AKTtUdnFzX6s7YSXmBydm2/nrqG8ACTu3unjhLB\nBaZoRHBBYd+caT/08CYAoDCfPvz1navnh3ZwCnzqf2Yb+/Kq6djFAfDNJ4LRfXt//+bFE3uqCAL6\n4whjjusXTh4cYASUnWaz9lOunyOwcn0swOlUIEDJASp8ANkCwQ+gOwCV+pmCbgCoGiAIqNiPDrA1\nIDLAdinACPb/bQDPHRnz/ZgggKkffEdmsQAj1g8EWD6ACngutJx9/ydTa4UA2QTL3S9+O+JThwBa\nisbPr5i+gyDZR1DfGTAM6jsL3sQGPEf1XQVPfqD6roIRWN9R8AnXdxMM4/JugrfIvovgBbTvIHj6\nHZl3EYxg++WEz+B8KeEDPF8ieIfPFxteStSLDM9+ydTzEapelf0GmFdLbOXMqToAAAAASUVORK5C\nYII=\n', 'hash': 56641965, 'location': 'https://dns.google:443/static/93dd5954/favicon.png'}, 'sitemap': None, 'html_hash': -352722504}, 'os': None, 'timestamp': '2025-10-12T00:47:55.487316', 'isp': 'Google LLC', 'transport': 'tcp', '_shodan': {'region': 'na', 'module': 'https', 'ptr': True, 'options': {}, 'id': 'd0bf416d-2342-4735-b2a4-cd8260ddbb1e', 'crawler': 'd89a99e2d29a6c9d44f01585e74209a6c7d174c7'}, 'ssl': {'chain_sha256': ['7155e0b3092e33a420c5d8ccca108808e3b95b2aff5967fd8a5fe2eb18780603', 'e6fe22bf45e4f0d3b85c59e02c0f495418e1eb8d3210f788d48cd5e1cb547cd4', '3ee0278df71fa3c125c4cd487f01d774694e6fc57e0cd94c24efd769133918e5'], 'jarm': '29d3fd00029d29d00042d43d00041d8f924f5255cbc229bc55efa16391dad6', 'tlsext': [{'id': 51, 'name': 'key_share'}, {'id': 43, 'name': 'supported_versions'}], 'chain': ['-----BEGIN CERTIFICATE-----\nMIIFsjCCBJqgAwIBAgIRANKHNLimu85MCU9K/cOri5QwDQYJKoZIhvcNAQELBQAw\nOzELMAkGA1UEBhMCVVMxHjAcBgNVBAoTFUdvb2dsZSBUcnVzdCBTZXJ2aWNlczEM\nMAoGA1UEAxMDV1IyMB4XDTI1MDkyMjA4NDI0NFoXDTI1MTIxNTA4NDI0M1owFTET\nMBEGA1UEAxMKZG5zLmdvb2dsZTCCASIwDQYJKoZIhvcNAQEBBQADggEPADCCAQoC\nggEBAKqs5lqNzVuN7jKXr34ph7J7UvVcQ1b1BX29T7nrJjvZmv36u0EVfyIHpNCW\noohXju+ZISjzk00smUrMv/g/AKr8mHPo5MaA9XMhu+K7BL47DOuPlViWZlja9d45\n3i/1akAIPch2700Ivp/PYOW1OUR9YXzL2UOOATXtq+p0KkRTkLYGVySL8tTZfH0Q\np1GPCcsAo3lWH/78dNumRK0ZMzVYsDhn76nU9U5B8O9feD/X+4hTnOluKrmpIn7W\nT7uc7Nuy5dEk1TurI7ZUJJZ1Hj4CTh+TMzysO5N1DlxhDbwJ/VowbwSWLL7Q9wsk\ndo8qLz07iZy4I+M6AOa1sNB6sl0CAwEAAaOCAtUwggLRMA4GA1UdDwEB/wQEAwIF\noDATBgNVHSUEDDAKBggrBgEFBQcDATAMBgNVHRMBAf8EAjAAMB0GA1UdDgQWBBQa\nb2z/r0bEH2KXxPZPhtTHtp4Q/zAfBgNVHSMEGDAWgBTeGx7teRXUPjckwyG77DQ5\nbUKyMDBYBggrBgEFBQcBAQRMMEowIQYIKwYBBQUHMAGGFWh0dHA6Ly9vLnBraS5n\nb29nL3dyMjAlBggrBgEFBQcwAoYZaHR0cDovL2kucGtpLmdvb2cvd3IyLmNydDCB\nrAYDVR0RBIGkMIGhggpkbnMuZ29vZ2xlgg5kbnMuZ29vZ2xlLmNvbYIQKi5kbnMu\nZ29vZ2xlLmNvbYILODg4OC5nb29nbGWCEGRuczY0LmRucy5nb29nbGWHBAgICAiH\nBAgIBASHECABSGBIYAAAAAAAAAAAiIiHECABSGBIYAAAAAAAAAAAiESHECABSGBI\nYAAAAAAAAAAAZGSHECABSGBIYAAAAAAAAAAAAGQwEwYDVR0gBAwwCjAIBgZngQwB\nAgEwNgYDVR0fBC8wLTAroCmgJ4YlaHR0cDovL2MucGtpLmdvb2cvd3IyL0dTeVQx\nTjRQQnJnLmNybDCCAQQGCisGAQQB1nkCBAIEgfUEgfIA8AB2AMz7D2qFcQll/pWb\nU87psnwi6YVcDZeNtql+VMD+TA2wAAABmXDN5KAAAAQDAEcwRQIhAP5CxQBhUkSR\nGcpiU3DXJIfEA2ZgT1XjuDWrktQFYYkxAiBwRue9IKSiRgGsER6cGlPQ399HTwzI\nBwsjzUrd+bV6/gB2AN3cyjSV1+EWBeeVMvrHn/g9HFDf2wA6FBJ2Ciysu8gqAAAB\nmXDN5JMAAAQDAEcwRQIhAPFEAUFvlGpYerd3i2sW4UhXHS3p9TXVk0/0sJqo+EhZ\nAiBSTmwI0mGQaB+NeGeXhYl21EvIeE1H+zpmcan1ho58UDANBgkqhkiG9w0BAQsF\nAAOCAQEAG7CxcxVX0qUbXzhZSPL5p9/jEsW8XZRnQ6rmMuR8pVK4dsPKeSDyH5q9\nY4QEowJFjLuKDrC3hZDwQFu1s6j7XuHDXP0Rbs7AOGSToKx2O6KKSb/NbqENr34O\nvyrAd6tNVvhNkT1ikPLxCABpVtjTrNzVoGo3JKIUp813fe677t+1q7qLEJCh2rVT\n1Kaf1lwxK5JDXaFOjBFnY76YuqisZc4y9RusbLFGZxH/YbkBPxdnVr1tYRzO7fo8\nkZPCSyxqfJ34Z4Qnkr2lVQ0pTuZs5vwyHIzx0GPnUhAZ7sqJ5eLg8b666m1zSztn\nnzaWLEHf/e4XsjgP/epWyGXFWuC2Qg==\n-----END CERTIFICATE-----\n', '-----BEGIN CERTIFICATE-----\nMIIFCzCCAvOgAwIBAgIQf/AFoHxM3tEArZ1mpRB7mDANBgkqhkiG9w0BAQsFADBH\nMQswCQYDVQQGEwJVUzEiMCAGA1UEChMZR29vZ2xlIFRydXN0IFNlcnZpY2VzIExM\nQzEUMBIGA1UEAxMLR1RTIFJvb3QgUjEwHhcNMjMxMjEzMDkwMDAwWhcNMjkwMjIw\nMTQwMDAwWjA7MQswCQYDVQQGEwJVUzEeMBwGA1UEChMVR29vZ2xlIFRydXN0IFNl\ncnZpY2VzMQwwCgYDVQQDEwNXUjIwggEiMA0GCSqGSIb3DQEBAQUAA4IBDwAwggEK\nAoIBAQCp/5x/RR5wqFOfytnlDd5GV1d9vI+aWqxG8YSau5HbyfsvAfuSCQAWXqAc\n+MGr+XgvSszYhaLYWTwO0xj7sfUkDSbutltkdnwUxy96zqhMt/TZCPzfhyM1IKji\naeKMTj+xWfpgoh6zySBTGYLKNlNtYE3pAJH8do1cCA8Kwtzxc2vFE24KT3rC8gIc\nLrRjg9ox9i11MLL7q8Ju26nADrn5Z9TDJVd06wW06Y613ijNzHoU5HEDy01hLmFX\nxRmpC5iEGuh5KdmyjS//V2pm4M6rlagplmNwEmceOuHbsCFx13ye/aoXbv4r+zgX\nFNFmp6+atXDMyGOBOozAKql2N87jAgMBAAGjgf4wgfswDgYDVR0PAQH/BAQDAgGG\nMB0GA1UdJQQWMBQGCCsGAQUFBwMBBggrBgEFBQcDAjASBgNVHRMBAf8ECDAGAQH/\nAgEAMB0GA1UdDgQWBBTeGx7teRXUPjckwyG77DQ5bUKyMDAfBgNVHSMEGDAWgBTk\nrysmcRorSCeFL1JmLO/wiRNxPjA0BggrBgEFBQcBAQQoMCYwJAYIKwYBBQUHMAKG\nGGh0dHA6Ly9pLnBraS5nb29nL3IxLmNydDArBgNVHR8EJDAiMCCgHqAchhpodHRw\nOi8vYy5wa2kuZ29vZy9yL3IxLmNybDATBgNVHSAEDDAKMAgGBmeBDAECATANBgkq\nhkiG9w0BAQsFAAOCAgEARXWL5R87RBOWGqtY8TXJbz3S0DNKhjO6V1FP7sQ02hYS\nTL8Tnw3UVOlIecAwPJQl8hr0ujKUtjNyC4XuCRElNJThb0Lbgpt7fyqaqf9/qdLe\nSiDLs/sDA7j4BwXaWZIvGEaYzq9yviQmsR4ATb0IrZNBRAq7x9UBhb+TV+PfdBJT\nDhEl05vc3ssnbrPCuTNiOcLgNeFbpwkuGcuRKnZc8d/KI4RApW//mkHgte8y0YWu\nryUJ8GLFbsLIbjL9uNrizkqRSvOFVU6xddZIMy9vhNkSXJ/UcZhjJY1pXAprffJB\nvei7j+Qi151lRehMCofa6WBmiA4fx+FOVsV2/7R6V2nyAiIJJkEd2nSi5SnzxJrl\nXdaqev3htytmOPvoKWa676ATL/hzfvDaQBEcXd2Ppvy+275W+DKcH0FBbX62xevG\niza3F4ydzxl6NJ8hk8R+dDXSqv1MbRT1ybB5W0k8878XSOjvmiYTDIfyc9acxVJr\nY/cykHipa+te1pOhv7wYPYtZ9orGBV5SGOJm4NrB3K1aJar0RfzxC3ikr7Dyc6Qw\nqDTBU39CluVIQeuQRgwG3MuSxl7zRERDRilGoKb8uY45JzmxWuKxrfwT/478JuHU\n/oTxUFqOl2stKnn7QGTq8z29W+GgBLCXSBxC9epaHM0myFH/FJlniXJfHeytWt0=\n-----END CERTIFICATE-----\n', '-----BEGIN CERTIFICATE-----\nMIIFYjCCBEqgAwIBAgIQd70NbNs2+RrqIQ/E8FjTDTANBgkqhkiG9w0BAQsFADBX\nMQswCQYDVQQGEwJCRTEZMBcGA1UEChMQR2xvYmFsU2lnbiBudi1zYTEQMA4GA1UE\nCxMHUm9vdCBDQTEbMBkGA1UEAxMSR2xvYmFsU2lnbiBSb290IENBMB4XDTIwMDYx\nOTAwMDA0MloXDTI4MDEyODAwMDA0MlowRzELMAkGA1UEBhMCVVMxIjAgBgNVBAoT\nGUdvb2dsZSBUcnVzdCBTZXJ2aWNlcyBMTEMxFDASBgNVBAMTC0dUUyBSb290IFIx\nMIICIjANBgkqhkiG9w0BAQEFAAOCAg8AMIICCgKCAgEAthECix7joXebO9y/lD63\nladAPKH9gvl9MgaCcfb2jH/76Nu8ai6Xl6OMS/kr9rH5zoQdsfnFl97vufKj6bwS\niV6nqlKr+CMny6SxnGPb15l+8Ape62im9MZaRw1NEDPjTrETo8gYbEvs/AmQ351k\nKSUjB6G00j0uYODP0gmHu81I8E3CwnqIiru6z1kZ1q+PsAewnjHxgsHA3y6mbWwZ\nDrXYfiYaRQM9sHmklCitD38m5agI/pboPGiUU+6DOogrFZYJsuB6jC511pzrp1Zk\nj5ZPaK49l8KEj8C8QMALXL32h7M1bKwYUH+E4EzNktMg6TO8UpmvMrUpsyUqtEj5\ncuHKZPfmghCN6J3Cioj6OGaK/GP5Afl4/Xtcd/p2h/rs37EOeZVXtL0m79YB0esW\nCruOC7XFxYpVq9Os6pFLKcwZpDIlTirxZUTQAs6qzkm06p98g7BAe+dDq6dso499\niYH6TKX/1Y7DzkvgtdizjkXPdsDtQCv9Uw+wp9U7DbGKogPeMa3Md+pvez7W35Ei\nEua++tgy/BBjFFFy3l3WFpO9KWgz7zpm7AeKJt8T11dleCfeXkkUAKIAf5qoIbap\nsZWwpbkNFhHax2xIPEDgfg1azVY80ZcFuctL7TlLnMQ/0lUTbiSw1nH69MG6zO0b\n9f6BQdgAmD06yK56mDcYBZUCAwEAAaOCATgwggE0MA4GA1UdDwEB/wQEAwIBhjAP\nBgNVHRMBAf8EBTADAQH/MB0GA1UdDgQWBBTkrysmcRorSCeFL1JmLO/wiRNxPjAf\nBgNVHSMEGDAWgBRge2YaRQ2XyolQL30EzTSo//z9SzBgBggrBgEFBQcBAQRUMFIw\nJQYIKwYBBQUHMAGGGWh0dHA6Ly9vY3NwLnBraS5nb29nL2dzcjEwKQYIKwYBBQUH\nMAKGHWh0dHA6Ly9wa2kuZ29vZy9nc3IxL2dzcjEuY3J0MDIGA1UdHwQrMCkwJ6Al\noCOGIWh0dHA6Ly9jcmwucGtpLmdvb2cvZ3NyMS9nc3IxLmNybDA7BgNVHSAENDAy\nMAgGBmeBDAECATAIBgZngQwBAgIwDQYLKwYBBAHWeQIFAwIwDQYLKwYBBAHWeQIF\nAwMwDQYJKoZIhvcNAQELBQADggEBADSkHrEoo9C0dhemMXoh6dFSPsjbdBZBiLg9\nNR3t5P+T4Vxfq7vqfM/b5A3Ri1fyJm9bvhdGaJQ3b2t6yMAYN/olUazsaL+yyEn9\nWprKASOshIArAoyZl+tJaox118fessmXn1hIVw41oeQa1v1vg4Fv74zPl6/AhSrw\n9U5pCZEt4Wi4wStz6dTZ/CLANx8LZh1J7QJVj2fhMtfTJr9w4z30Z209fOU0iOMy\n+qduBmpvvYuR7hZL6Dupszfnw0Skfths18dG9ZKb59UhvmaSGZRVbNQpsg3BZlvi\nd0lIKO2d1xozclOzgjXPYovJJIultzkMu34qQb9Sz/yilrbCgj8=\n-----END CERTIFICATE-----\n'], 'versions': ['-TLSv1', '-SSLv2', '-SSLv3', '-TLSv1.1', 'TLSv1.2', 'TLSv1.3'], 'acceptable_cas': [], 'alpn': [], 'cert': {'sig_alg': 'sha256WithRSAEncryption', 'issued': '20250922084244Z', 'expires': '20251215084243Z', 'pubkey': {'bits': 2048, 'type': 'rsa'}, 'version': 2, 'extensions': [{'critical': True, 'data': '\\x03\\x02\\x05\\xa0', 'name': 'keyUsage'}, {'data': '0\\n\\x06\\x08+\\x06\\x01\\x05\\x05\\x07\\x03\\x01', 'name': 'extendedKeyUsage'}, {'critical': True, 'data': '0\\x00', 'name': 'basicConstraints'}, {'data': '\\x04\\x14\\x1aol\\xff\\xafF\\xc4\\x1fb\\x97\\xc4\\xf6O\\x86\\xd4\\xc7\\xb6\\x9e\\x10\\xff', 'name': 'subjectKeyIdentifier'}, {'data': '0\\x16\\x80\\x14\\xde\\x1b\\x1e\\xedy\\x15\\xd4>7$\\xc3!\\xbb\\xec49mB\\xb20', 'name': 'authorityKeyIdentifier'}, {'data': '0J0!\\x06\\x08+\\x06\\x01\\x05\\x05\\x070\\x01\\x86\\x15http://o.pki.goog/wr20%\\x06\\x08+\\x06\\x01\\x05\\x05\\x070\\x02\\x86\\x19http://i.pki.goog/wr2.crt', 'name': 'authorityInfoAccess'}, {'data': '0\\x81\\xa1\\x82\\ndns.google\\x82\\x0edns.google.com\\x82\\x10*.dns.google.com\\x82\\x0b8888.google\\x82\\x10dns64.dns.google\\x87\\x04\\x08\\x08\\x08\\x08\\x87\\x04\\x08\\x08\\x04\\x04\\x87\\x10 \\x01H`H`\\x00\\x00\\x00\\x00\\x00\\x00\\x00\\x00\\x88\\x88\\x87\\x10 \\x01H`H`\\x00\\x00\\x00\\x00\\x00\\x00\\x00\\x00\\x88D\\x87\\x10 \\x01H`H`\\x00\\x00\\x00\\x00\\x00\\x00\\x00\\x00dd\\x87\\x10 \\x01H`H`\\x00\\x00\\x00\\x00\\x00\\x00\\x00\\x00\\x00d', 'name': 'subjectAltName'}, {'data': '0\\n0\\x08\\x06\\x06g\\x81\\x0c\\x01\\x02\\x01', 'name': 'certificatePolicies'}, {'data': ""0-0+\\xa0)\\xa0\\'\\x86%http://c.pki.goog/wr2/GSyT1N4PBrg.crl"", 'name': 'crlDistributionPoints'}, {'data': '\\x04\\x81\\xf2\\x00\\xf0\\x00v\\x00\\xcc\\xfb\\x0fj\\x85q\\te\\xfe\\x95\\x9bS\\xce\\xe9\\xb2|""\\xe9\\x85\\\\\\r\\x97\\x8d\\xb6\\xa9~T\\xc0\\xfeL\\r\\xb0\\x00\\x00\\x01\\x99p\\xcd\\xe4\\xa0\\x00\\x00\\x04\\x03\\x00G0E\\x02!\\x00\\xfeB\\xc5\\x00aRD\\x91\\x19\\xcabSp\\xd7$\\x87\\xc4\\x03f`OU\\xe3\\xb85\\xab\\x92\\xd4\\x05a\\x891\\x02 pF\\xe7\\xbd \\xa4\\xa2F\\x01\\xac\\x11\\x1e\\x9c\\x1aS\\xd0\\xdf\\xdfGO\\x0c\\xc8\\x07\\x0b#\\xcdJ\\xdd\\xf9\\xb5z\\xfe\\x00v\\x00\\xdd\\xdc\\xca4\\x95\\xd7\\xe1\\x16\\x05\\xe7\\x952\\xfa\\xc7\\x9f\\xf8=\\x1cP\\xdf\\xdb\\x00:\\x14\\x12v\\n,\\xac\\xbb\\xc8*\\x00\\x00\\x01\\x99p\\xcd\\xe4\\x93\\x00\\x00\\x04\\x03\\x00G0E\\x02!\\x00\\xf1D\\x01Ao\\x94jXz\\xb7w\\x8bk\\x16\\xe1HW\\x1d-\\xe9\\xf55\\xd5\\x93O\\xf4\\xb0\\x9a\\xa8\\xf8HY\\x02 RNl\\x08\\xd2a\\x90h\\x1f\\x8dxg\\x97\\x85\\x89v\\xd4K\\xc8xMG\\xfb:fq\\xa9\\xf5\\x86\\x8e|P', 'name': 'ct_precert_scts'}], 'fingerprint': {'sha256': '7155e0b3092e33a420c5d8ccca108808e3b95b2aff5967fd8a5fe2eb18780603', 'sha1': '2492c9ae6ad6763d6cf75b92c8b00f557ae7ff23'}, 'serial': 279839908505617382519881337268565937044, 'issuer': {'C': 'US', 'CN': 'WR2', 'O': 'Google Trust Services'}, 'expired': False, 'subject': {'CN': 'dns.google'}}, 'cipher': {'version': 'TLSv1.3', 'bits': 256, 'name': 'TLS_AES_256_GCM_SHA384'}, 'trust': {'revoked': False, 'browser': None}, 'handshake_states': ['before SSL initialization', 'SSLv3/TLS write client hello', 'SSLv3/TLS read server hello', 'TLSv1.3 read encrypted extensions', 'SSLv3/TLS read server certificate', 'TLSv1.3 read server certificate verify', 'SSLv3/TLS read finished', 'SSLv3/TLS write change cipher spec', 'SSLv3/TLS write finished', 'SSL negotiation finished successfully'], 'ja3s': '66e33336e3e99f75410126f42d44cc81', 'ocsp': {}}, 'hostnames': ['dns.google'], 'location': {'city': 'Mountain View', 'region_code': 'CA', 'area_code': None, 'longitude': -122.11746, 'latitude': 38.00881, 'country_code': 'US', 'country_name': 'United States'}, 'ip': 134744072, 'domains': ['dns.google'], 'org': 'Google LLC', 'data': 'HTTP/1.1 200 OK\r\nContent-Security-Policy: object-src \'none\';base-uri \'self\';script-src \'nonce-9RDPN3WaswyEr6gtk2ssww\' \'strict-dynamic\' \'report-sample\' \'unsafe-eval\' \'unsafe-inline\' https: http:;report-uri https://csp.withgoogle.com/csp/honest_dns/1_0;frame-ancestors \'none\'\r\nStrict-Transport-Security: max-age=31536000; includeSubDomains; preload\r\nX-Content-Type-Options: nosniff\r\nContent-Security-Policy-Report-Only: script-src \'none\'; form-action \'none\'; frame-src \'none\'; report-uri https://csp.withgoogle.com/csp/scaffolding/ntdsgswbsc:55:0\r\nCross-Origin-Opener-Policy-Report-Only: same-origin; report-to=ntdsgswbsc:55:0\r\nReport-To: {""group"":""ntdsgswbsc:55:0"",""max_age"":2592000,""endpoints"":[{""url"":""https://csp.withgoogle.com/csp/report-to/scaffolding/ntdsgswbsc:55:0""}],}\r\nServer: scaffolding on HTTPServer2\r\nX-XSS-Protection: 0\r\nX-Frame-Options: SAMEORIGIN\r\nDate: Sun, 12 Oct 2025 00:43:22 GMT\r\nExpires: Sun, 12 Oct 2025 00:48:22 GMT\r\nCache-Control: public, max-age=300\r\nContent-Type: text/html; charset=UTF-8\r\nAge: 273\r\nAlt-Svc: h3="":443""; ma=2592000,h3-29="":443""; ma=2592000\r\nAccept-Ranges: none\r\nVary: Accept-Encoding\r\nTransfer-Encoding: chunked\r\n\r\n', 'port': 443, 'opts': {'vulns': [], 'heartbleed': '2025/10/12 00:48:05 8.8.8.8:443 - SAFE\n'}, 'ip_str': '8.8.8.8'}], 'asn': 'AS15169', 'city': 'Mountain View', 'latitude': 38.00881, 'isp': 'Google LLC', 'longitude': -122.11746, 'last_update': '2025-10-12T06:54:19.280889', 'country_name': 'United States', 'ip_str': '8.8.8.8', 'os': None, 'ports': [443, 53]}}"
8232e0c75f4ddc01cf846646f484ab43,hash_md5,['alienvault'],1,2025-09-10T20:03:10,,0.7,medium,[],[''],,,,,,[],[],[],[],"{'alienvault': {'pulse_key': '68c1d94aeea0cbf6a74fd693', 'id': 4129011443, 'indicator': '8232e0c75f4ddc01cf846646f484ab43', 'type': 'FileHash-MD5', 'created': '2025-09-10T20:03:10', 'content': '', 'title': '', 'description': '', 'expiration': None, 'is_active': 1, 'false_positive': {'assessment': None, 'assessment_date': None, 'report_date': None}, 'slug': 'file', 'pulse_id': '68c1d94aeea0cbf6a74fd693'}}"
8697103bed75b09df59d9bb3a86eca32,hash_md5,['alienvault'],1,2025-10-10T20:35:54,,0.7,medium,[],[''],,,,,,[],[],[],[],"{'alienvault': {'pulse_key': '68e96e29b73e5334019b8810', 'id': 4136893826, 'indicator': '8697103bed75b09df59d9bb3a86eca32', 'type': 'FileHash-MD5', 'created': '2025-10-10T20:35:54', 'content': '', 'title': '', 'description': 'MD5 of f6ed084aaa8ecf1b1e20dfa859e8f34c4c18b7ad7ac14dc189bc1fc4be1bd709', 'expiration': None, 'is_active': 1, 'false_positive': {'assessment': None, 'assessment_date': None, 'report_date': None}, 'slug': 'file', 'pulse_id': '68e96e29b73e5334019b8810'}}"
86b32049a679b945a803b32e58ba9462,hash_md5,['alienvault'],1,2025-09-12T14:56:56,,0.7,medium,[],[''],,,,,,[],[],[],[],"{'alienvault': {'pulse_key': '68c434b702367baa76c87ab9', 'id': 4129651469, 'indicator': '86b32049a679b945a803b32e58ba9462', 'type': 'FileHash-MD5', 'created': '2025-09-12T14:56:56', 'content': '', 'title': '', 'description': '', 'expiration': None, 'is_active': 1, 'false_positive': {'assessment': None, 'assessment_date': None, 'report_date': None}, 'slug': 'file', 'pulse_id': '68c434b702367baa76c87ab9'}}"
8843ff02ebc51afb3c3873d97c0b9846,hash_md5,['alienvault'],1,2025-09-10T20:03:10,,0.7,medium,[],[''],,,,,,[],[],[],[],"{'alienvault': {'pulse_key': '68c1d94aeea0cbf6a74fd693', 'id': 4129011444, 'indicator': '8843ff02ebc51afb3c3873d97c0b9846', 'type': 'FileHash-MD5', 'created': '2025-09-10T20:03:10', 'content': '', 'title': '', 'description': '', 'expiration': None, 'is_active': 1, 'false_positive': {'assessment': None, 'assessment_date': None, 'report_date': None}, 'slug': 'file', 'pulse_id': '68c1d94aeea0cbf6a74fd693'}}"
921016a014af73579abc94c891cd5c20c6822f69421f27b24f8e0a044fa10184,hash_sha256,['alienvault'],1,2025-09-12T14:56:56,,0.7,medium,[],[''],,,,,,[],[],[],[],"{'alienvault': {'pulse_key': '68c434b702367baa76c87ab9', 'id': 4129651479, 'indicator': '921016a014af73579abc94c891cd5c20c6822f69421f27b24f8e0a044fa10184', 'type': 'FileHash-SHA256', 'created': '2025-09-12T14:56:56', 'content': '', 'title': '', 'description': '', 'expiration': None, 'is_active': 1, 'false_positive': {'assessment': None, 'assessment_date': None, 'report_date': None}, 'slug': 'file', 'pulse_id': '68c434b702367baa76c87ab9'}}"
95472a444f9b1120b7f31945202010c0,hash_md5,['alienvault'],1,2025-09-10T20:03:10,,0.7,medium,[],[''],,,,,,[],[],[],[],"{'alienvault': {'pulse_key': '68c1d94aeea0cbf6a74fd693', 'id': 4129011445, 'indicator': '95472a444f9b1120b7f31945202010c0', 'type': 'FileHash-MD5', 'created': '2025-09-10T20:03:10', 'content': '', 'title': '', 'description': '', 'expiration': None, 'is_active': 1, 'false_positive': {'assessment': None, 'assessment_date': None, 'report_date': None}, 'slug': 'file', 'pulse_id': '68c1d94aeea0cbf6a74fd693'}}"
97bef0d9a2ad4249db2214fd43b5353a,hash_md5,['alienvault'],1,2025-09-10T20:03:10,,0.7,medium,[],[''],,,,,,[],[],[],[],"{'alienvault': {'pulse_key': '68c1d94aeea0cbf6a74fd693', 'id': 4129011446, 'indicator': '97bef0d9a2ad4249db2214fd43b5353a', 'type': 'FileHash-MD5', 'created': '2025-09-10T20:03:10', 'content': '', 'title': '', 'description': '', 'expiration': None, 'is_active': 1, 'false_positive': {'assessment': None, 'assessment_date': None, 'report_date': None}, 'slug': 'file', 'pulse_id': '68c1d94aeea0cbf6a74fd693'}}"
a39d496e84f74c2ef5437389358f1521,hash_md5,['alienvault'],1,2025-09-10T20:03:10,,0.7,medium,[],[''],,,,,,[],[],[],[],"{'alienvault': {'pulse_key': '68c1d94aeea0cbf6a74fd693', 'id': 4129011447, 'indicator': 'a39d496e84f74c2ef5437389358f1521', 'type': 'FileHash-MD5', 'created': '2025-09-10T20:03:10', 'content': '', 'title': '', 'description': '', 'expiration': None, 'is_active': 1, 'false_positive': {'assessment': None, 'assessment_date': None, 'report_date': None}, 'slug': 'file', 'pulse_id': '68c1d94aeea0cbf6a74fd693'}}"
a43b957ef22072fc0b213989ab15560d,hash_md5,['alienvault'],1,2025-09-10T20:03:10,,0.7,medium,[],[''],,,,,,[],[],[],[],"{'alienvault': {'pulse_key': '68c1d94aeea0cbf6a74fd693', 'id': 4129011448, 'indicator': 'a43b957ef22072fc0b213989ab15560d', 'type': 'FileHash-MD5', 'created': '2025-09-10T20:03:10', 'content': '', 'title': '', 'description': '', 'expiration': None, 'is_active': 1, 'false_positive': {'assessment': None, 'assessment_date': None, 'report_date': None}, 'slug': 'file', 'pulse_id': '68c1d94aeea0cbf6a74fd693'}}"
a5fcd07b4cfba212af7e76fe88212ad7,hash_md5,['alienvault'],1,2025-09-10T20:03:10,,0.7,medium,[],[''],,,,,,[],[],[],[],"{'alienvault': {'pulse_key': '68c1d94aeea0cbf6a74fd693', 'id': 4129011449, 'indicator': 'a5fcd07b4cfba212af7e76fe88212ad7', 'type': 'FileHash-MD5', 'created': '2025-09-10T20:03:10', 'content': '', 'title': '', 'description': '', 'expiration': None, 'is_active': 1, 'false_positive': {'assessment': None, 'assessment_date': None, 'report_date': None}, 'slug': 'file', 'pulse_id': '68c1d94aeea0cbf6a74fd693'}}"
a69908de2c1903afb41f0c7fb14162fd,hash_md5,['alienvault'],1,2025-09-10T20:03:10,,0.7,medium,[],[''],,,,,,[],[],[],[],"{'alienvault': {'pulse_key': '68c1d94aeea0cbf6a74fd693', 'id': 4129011450, 'indicator': 'a69908de2c1903afb41f0c7fb14162fd', 'type': 'FileHash-MD5', 'created': '2025-09-10T20:03:10', 'content': '', 'title': '', 'description': '', 'expiration': None, 'is_active': 1, 'false_positive': {'assessment': None, 'assessment_date': None, 'report_date': None}, 'slug': 'file', 'pulse_id': '68c1d94aeea0cbf6a74fd693'}}"
advancedownloads.com,domain,['alienvault'],1,2025-09-12T01:41:36,,0.7,medium,[],[''],,,,,,[],[],[],[],"{'alienvault': {'pulse_key': '68c37a4f61a4eeb53a76aef0', 'id': 4129429418, 'indicator': 'advancedownloads.com', 'type': 'domain', 'created': '2025-09-12T01:41:36', 'content': '', 'title': '', 'description': '', 'expiration': None, 'is_active': 1, 'false_positive': {'assessment': None, 'assessment_date': None, 'report_date': None}, 'slug': 'domain', 'pulse_id': '68c37a4f61a4eeb53a76aef0'}}"
aec8a3511907d8a27aa8082869ae80c4,hash_md5,['alienvault'],1,2025-09-10T20:03:10,,0.7,medium,[],[''],,,,,,[],[],[],[],"{'alienvault': {'pulse_key': '68c1d94aeea0cbf6a74fd693', 'id': 4129011451, 'indicator': 'aec8a3511907d8a27aa8082869ae80c4', 'type': 'FileHash-MD5', 'created': '2025-09-10T20:03:10', 'content': '', 'title': '', 'description': '', 'expiration': None, 'is_active': 1, 'false_positive': {'assessment': None, 'assessment_date': None, 'report_date': None}, 'slug': 'file', 'pulse_id': '68c1d94aeea0cbf6a74fd693'}}"
b7926de548c9c139dada2cff62cf3711,hash_md5,['alienvault'],1,2025-09-10T20:03:10,,0.7,medium,[],[''],,,,,,[],[],[],[],"{'alienvault': {'pulse_key': '68c1d94aeea0cbf6a74fd693', 'id': 4129011452, 'indicator': 'b7926de548c9c139dada2cff62cf3711', 'type': 'FileHash-MD5', 'created': '2025-09-10T20:03:10', 'content': '', 'title': '', 'description': '', 'expiration': None, 'is_active': 1, 'false_positive': {'assessment': None, 'assessment_date': None, 'report_date': None}, 'slug': 'file', 'pulse_id': '68c1d94aeea0cbf6a74fd693'}}"
b9bd98484c186f47999bf328bb34794c,hash_md5,['alienvault'],1,2025-09-10T20:03:10,,0.7,medium,[],[''],,,,,,[],[],[],[],"{'alienvault': {'pulse_key': '68c1d94aeea0cbf6a74fd693', 'id': 4129011453, 'indicator': 'b9bd98484c186f47999bf328bb34794c', 'type': 'FileHash-MD5', 'created': '2025-09-10T20:03:10', 'content': '', 'title': '', 'description': '', 'expiration': None, 'is_active': 1, 'false_positive': {'assessment': None, 'assessment_date': None, 'report_date': None}, 'slug': 'file', 'pulse_id': '68c1d94aeea0cbf6a74fd693'}}"
b9df6e383de60d6c91d4953face7ba335af78481,hash_sha1,['alienvault'],1,2025-09-12T14:56:56,,0.7,medium,[],[''],,,,,,[],[],[],[],"{'alienvault': {'pulse_key': '68c434b702367baa76c87ab9', 'id': 4129651471, 'indicator': 'b9df6e383de60d6c91d4953face7ba335af78481', 'type': 'FileHash-SHA1', 'created': '2025-09-12T14:56:56', 'content': '', 'title': '', 'description': '', 'expiration': None, 'is_active': 1, 'false_positive': {'assessment': None, 'assessment_date': None, 'report_date': None}, 'slug': 'file', 'pulse_id': '68c434b702367baa76c87ab9'}}"
bae6b54f98bb23ddbb69487f8abfcd8c,hash_md5,['alienvault'],1,2025-09-10T20:03:10,,0.7,medium,[],[''],,,,,,[],[],[],[],"{'alienvault': {'pulse_key': '68c1d94aeea0cbf6a74fd693', 'id': 4129011454, 'indicator': 'bae6b54f98bb23ddbb69487f8abfcd8c', 'type': 'FileHash-MD5', 'created': '2025-09-10T20:03:10', 'content': '', 'title': '', 'description': '', 'expiration': None, 'is_active': 1, 'false_positive': {'assessment': None, 'assessment_date': None, 'report_date': None}, 'slug': 'file', 'pulse_id': '68c1d94aeea0cbf6a74fd693'}}"
bf89b83267a9debc7b61ccb04cd329a5,hash_md5,['alienvault'],1,2025-09-10T20:03:10,,0.7,medium,[],[''],,,,,,[],[],[],[],"{'alienvault': {'pulse_key': '68c1d94aeea0cbf6a74fd693', 'id': 4129011455, 'indicator': 'bf89b83267a9debc7b61ccb04cd329a5', 'type': 'FileHash-MD5', 'created': '2025-09-10T20:03:10', 'content': '', 'title': '', 'description': '', 'expiration': None, 'is_active': 1, 'false_positive': {'assessment': None, 'assessment_date': None, 'report_date': None}, 'slug': 'file', 'pulse_id': '68c1d94aeea0cbf6a74fd693'}}"
c03eedf04f19fcce9c9b4e5ad1b0f7b69abc4bce7fb551833f37c81acf2c041e,hash_sha256,['alienvault'],1,2025-09-12T14:56:56,,0.7,medium,[],[''],,,,,,[],[],[],[],"{'alienvault': {'pulse_key': '68c434b702367baa76c87ab9', 'id': 4129651480, 'indicator': 'c03eedf04f19fcce9c9b4e5ad1b0f7b69abc4bce7fb551833f37c81acf2c041e', 'type': 'FileHash-SHA256', 'created': '2025-09-12T14:56:56', 'content': '', 'title': '', 'description': '', 'expiration': None, 'is_active': 1, 'false_positive': {'assessment': None, 'assessment_date': None, 'report_date': None}, 'slug': 'file', 'pulse_id': '68c434b702367baa76c87ab9'}}"
c180e98725a466c3208e2c8874abc1ed,hash_md5,['alienvault'],1,2025-09-10T20:03:10,,0.7,medium,[],[''],,,,,,[],[],[],[],"{'alienvault': {'pulse_key': '68c1d94aeea0cbf6a74fd693', 'id': 4129011456, 'indicator': 'c180e98725a466c3208e2c8874abc1ed', 'type': 'FileHash-MD5', 'created': '2025-09-10T20:03:10', 'content': '', 'title': '', 'description': '', 'expiration': None, 'is_active': 1, 'false_positive': {'assessment': None, 'assessment_date': None, 'report_date': None}, 'slug': 'file', 'pulse_id': '68c1d94aeea0cbf6a74fd693'}}"
c1fdabb61c941053c2272c8c147670d1,hash_md5,['alienvault'],1,2025-09-10T20:03:10,,0.7,medium,[],[''],,,,,,[],[],[],[],"{'alienvault': {'pulse_key': '68c1d94aeea0cbf6a74fd693', 'id': 4129011457, 'indicator': 'c1fdabb61c941053c2272c8c147670d1', 'type': 'FileHash-MD5', 'created': '2025-09-10T20:03:10', 'content': '', 'title': '', 'description': '', 'expiration': None, 'is_active': 1, 'false_positive': {'assessment': None, 'assessment_date': None, 'report_date': None}, 'slug': 'file', 'pulse_id': '68c1d94aeea0cbf6a74fd693'}}"
cclresources.com,domain,['alienvault'],1,2025-09-12T01:41:36,,0.7,medium,[],[''],,,,,,[],[],[],[],"{'alienvault': {'pulse_key': '68c37a4f61a4eeb53a76aef0', 'id': 4129429419, 'indicator': 'cclresources.com', 'type': 'domain', 'created': '2025-09-12T01:41:36', 'content': '', 'title': '', 'description': '', 'expiration': None, 'is_active': 1, 'false_positive': {'assessment': None, 'assessment_date': None, 'report_date': None}, 'slug': 'domain', 'pulse_id': '68c37a4f61a4eeb53a76aef0'}}"
cd0c6cb4807f5266df4c34846e5a3250,hash_md5,['alienvault'],1,2025-09-12T14:56:56,,0.7,medium,[],[''],,,,,,[],[],[],[],"{'alienvault': {'pulse_key': '68c434b702367baa76c87ab9', 'id': 4129651470, 'indicator': 'cd0c6cb4807f5266df4c34846e5a3250', 'type': 'FileHash-MD5', 'created': '2025-09-12T14:56:56', 'content': '', 'title': '', 'description': '', 'expiration': None, 'is_active': 1, 'false_positive': {'assessment': None, 'assessment_date': None, 'report_date': None}, 'slug': 'file', 'pulse_id': '68c434b702367baa76c87ab9'}}"
chevroncorpstocks.com,domain,['alienvault'],1,2025-09-12T01:41:36,,0.7,medium,[],[''],,,,,,[],[],[],[],"{'alienvault': {'pulse_key': '68c37a4f61a4eeb53a76aef0', 'id': 4129429420, 'indicator': 'chevroncorpstocks.com', 'type': 'domain', 'created': '2025-09-12T01:41:36', 'content': '', 'title': '', 'description': '', 'expiration': None, 'is_active': 1, 'false_positive': {'assessment': None, 'assessment_date': None, 'report_date': None}, 'slug': 'domain', 'pulse_id': '68c37a4f61a4eeb53a76aef0'}}"
chevroncvxstocks.com,domain,['alienvault'],1,2025-09-12T01:41:36,,0.7,medium,[],[''],,,,,,[],[],[],[],"{'alienvault': {'pulse_key': '68c37a4f61a4eeb53a76aef0', 'id': 4129429421, 'indicator': 'chevroncvxstocks.com', 'type': 'domain', 'created': '2025-09-12T01:41:36', 'content': '', 'title': '', 'description': '', 'expiration': None, 'is_active': 1, 'false_positive': {'assessment': None, 'assessment_date': None, 'report_date': None}, 'slug': 'domain', 'pulse_id': '68c37a4f61a4eeb53a76aef0'}}"
conoco-2024.dev.fastspot.com,domain,['alienvault'],1,2025-09-12T01:41:36,,0.7,medium,[],[''],,,,,,[],[],[],[],"{'alienvault': {'pulse_key': '68c37a4f61a4eeb53a76aef0', 'id': 4129429431, 'indicator': 'conoco-2024.dev.fastspot.com', 'type': 'hostname', 'created': '2025-09-12T01:41:36', 'content': '', 'title': '', 'description': '', 'expiration': None, 'is_active': 1, 'false_positive': {'assessment': None, 'assessment_date': None, 'report_date': None}, 'slug': 'hostname', 'pulse_id': '68c37a4f61a4eeb53a76aef0'}}"
conocophillips.live,domain,['alienvault'],1,2025-09-12T01:41:36,,0.7,medium,[],[''],,,,,,[],[],[],[],"{'alienvault': {'pulse_key': '68c37a4f61a4eeb53a76aef0', 'id': 4129429422, 'indicator': 'conocophillips.live', 'type': 'domain', 'created': '2025-09-12T01:41:36', 'content': '', 'title': '', 'description': '', 'expiration': None, 'is_active': 1, 'false_positive': {'assessment': None, 'assessment_date': None, 'report_date': None}, 'slug': 'domain', 'pulse_id': '68c37a4f61a4eeb53a76aef0'}}"
conocophils.com,domain,['alienvault'],1,2025-09-12T01:41:36,,0.7,medium,[],[''],,,,,,[],[],[],[],"{'alienvault': {'pulse_key': '68c37a4f61a4eeb53a76aef0', 'id': 4129429423, 'indicator': 'conocophils.com', 'type': 'domain', 'created': '2025-09-12T01:41:36', 'content': '', 'title': '', 'description': '', 'expiration': None, 'is_active': 1, 'false_positive': {'assessment': None, 'assessment_date': None, 'report_date': None}, 'slug': 'domain', 'pulse_id': '68c37a4f61a4eeb53a76aef0'}}"
cosi.com.ar,domain,['alienvault'],1,2025-09-12T14:56:56,,0.7,medium,[],[''],,,,,,[],[],[],[],"{'alienvault': {'pulse_key': '68c434b702367baa76c87ab9', 'id': 4124186290, 'indicator': 'cosi.com.ar', 'type': 'domain', 'created': '2025-09-12T14:56:56', 'content': '', 'title': '', 'description': '', 'expiration': None, 'is_active': 1, 'false_positive': {'assessment': None, 'assessment_date': None, 'report_date': None}, 'slug': 'domain', 'pulse_id': '68c434b702367baa76c87ab9'}}"
d0068b92aced77b7a54bd8722ad0fd1037a28821d370cf7e67cbf6fd70a608c4,hash_sha256,['alienvault'],1,2025-09-12T14:56:56,,0.7,medium,[],[''],,,,,,[],[],[],[],"{'alienvault': {'pulse_key': '68c434b702367baa76c87ab9', 'id': 4129651481, 'indicator': 'd0068b92aced77b7a54bd8722ad0fd1037a28821d370cf7e67cbf6fd70a608c4', 'type': 'FileHash-SHA256', 'created': '2025-09-12T14:56:56', 'content': '', 'title': '', 'description': '', 'expiration': None, 'is_active': 1, 'false_positive': {'assessment': None, 'assessment_date': None, 'report_date': None}, 'slug': 'file', 'pulse_id': '68c434b702367baa76c87ab9'}}"
d94a15b3585336943154dae4ae5f2b78975b4a74,hash_sha1,['alienvault'],1,2025-09-12T14:56:56,,0.7,medium,[],[''],,,,,,[],[],[],[],"{'alienvault': {'pulse_key': '68c434b702367baa76c87ab9', 'id': 4129651472, 'indicator': 'd94a15b3585336943154dae4ae5f2b78975b4a74', 'type': 'FileHash-SHA1', 'created': '2025-09-12T14:56:56', 'content': '', 'title': '', 'description': '', 'expiration': None, 'is_active': 1, 'false_positive': {'assessment': None, 'assessment_date': None, 'report_date': None}, 'slug': 'file', 'pulse_id': '68c434b702367baa76c87ab9'}}"
df29898c0742f6b0175e4e34b5f0755d,hash_md5,['alienvault'],1,2025-09-10T20:03:10,,0.7,medium,[],[''],,,,,,[],[],[],[],"{'alienvault': {'pulse_key': '68c1d94aeea0cbf6a74fd693', 'id': 4129011458, 'indicator': 'df29898c0742f6b0175e4e34b5f0755d', 'type': 'FileHash-MD5', 'created': '2025-09-10T20:03:10', 'content': '', 'title': '', 'description': '', 'expiration': None, 'is_active': 1, 'false_positive': {'assessment': None, 'assessment_date': None, 'report_date': None}, 'slug': 'file', 'pulse_id': '68c1d94aeea0cbf6a74fd693'}}"
df2e68fe6be163d40a21b4199033b434,hash_md5,['alienvault'],1,2025-09-10T20:03:10,,0.7,medium,[],[''],,,,,,[],[],[],[],"{'alienvault': {'pulse_key': '68c1d94aeea0cbf6a74fd693', 'id': 4129011459, 'indicator': 'df2e68fe6be163d40a21b4199033b434', 'type': 'FileHash-MD5', 'created': '2025-09-10T20:03:10', 'content': '', 'title': '', 'description': '', 'expiration': None, 'is_active': 1, 'false_positive': {'assessment': None, 'assessment_date': None, 'report_date': None}, 'slug': 'file', 'pulse_id': '68c1d94aeea0cbf6a74fd693'}}"
e2b3c5fdcba20c93cfa695f0abcabe218ac0fc2d7bc72c4c3af84a52d0218a82,hash_sha256,['alienvault'],1,2025-09-12T14:56:56,,0.7,medium,[],[''],,,,,,[],[],[],[],"{'alienvault': {'pulse_key': '68c434b702367baa76c87ab9', 'id': 4129651482, 'indicator': 'e2b3c5fdcba20c93cfa695f0abcabe218ac0fc2d7bc72c4c3af84a52d0218a82', 'type': 'FileHash-SHA256', 'created': '2025-09-12T14:56:56', 'content': '', 'title': '', 'description': '', 'expiration': None, 'is_active': 1, 'false_positive': {'assessment': None, 'assessment_date': None, 'report_date': None}, 'slug': 'file', 'pulse_id': '68c434b702367baa76c87ab9'}}"
e3d8fbf45fac3793aac87568a1919cf7,hash_md5,['alienvault'],1,2025-09-10T20:03:10,,0.7,medium,[],[''],,,,,,[],[],[],[],"{'alienvault': {'pulse_key': '68c1d94aeea0cbf6a74fd693', 'id': 4129011460, 'indicator': 'e3d8fbf45fac3793aac87568a1919cf7', 'type': 'FileHash-MD5', 'created': '2025-09-10T20:03:10', 'content': '', 'title': '', 'description': '', 'expiration': None, 'is_active': 1, 'false_positive': {'assessment': None, 'assessment_date': None, 'report_date': None}, 'slug': 'file', 'pulse_id': '68c1d94aeea0cbf6a74fd693'}}"
e59eaab989c5a8433852e77fb9dd7986,hash_md5,['alienvault'],1,2025-09-10T20:03:10,,0.7,medium,[],[''],,,,,,[],[],[],[],"{'alienvault': {'pulse_key': '68c1d94aeea0cbf6a74fd693', 'id': 4129011461, 'indicator': 'e59eaab989c5a8433852e77fb9dd7986', 'type': 'FileHash-MD5', 'created': '2025-09-10T20:03:10', 'content': '', 'title': '', 'description': '', 'expiration': None, 'is_active': 1, 'false_positive': {'assessment': None, 'assessment_date': None, 'report_date': None}, 'slug': 'file', 'pulse_id': '68c1d94aeea0cbf6a74fd693'}}"
eb4948c42f418325c1b8b2b79af7ef08,hash_md5,['alienvault'],1,2025-09-10T20:03:10,,0.7,medium,[],[''],,,,,,[],[],[],[],"{'alienvault': {'pulse_key': '68c1d94aeea0cbf6a74fd693', 'id': 4129011462, 'indicator': 'eb4948c42f418325c1b8b2b79af7ef08', 'type': 'FileHash-MD5', 'created': '2025-09-10T20:03:10', 'content': '', 'title': '', 'description': '', 'expiration': None, 'is_active': 1, 'false_positive': {'assessment': None, 'assessment_date': None, 'report_date': None}, 'slug': 'file', 'pulse_id': '68c1d94aeea0cbf6a74fd693'}}"
f5e9e24886ec4c60f45690a0e34bae71d8a38d1c35eb04d02148cdb650dd2601,hash_sha256,['alienvault'],1,2025-10-10T20:35:54,,0.7,medium,[],[''],,,,,,[],[],[],[],"{'alienvault': {'pulse_key': '68e96e29b73e5334019b8810', 'id': 4134919433, 'indicator': 'f5e9e24886ec4c60f45690a0e34bae71d8a38d1c35eb04d02148cdb650dd2601', 'type': 'FileHash-SHA256', 'created': '2025-10-10T20:35:54', 'content': '', 'title': '', 'description': '', 'expiration': None, 'is_active': 1, 'false_positive': {'assessment': None, 'assessment_date': None, 'report_date': None}, 'slug': 'file', 'pulse_id': '68e96e29b73e5334019b8810'}}"
f6ed084aaa8ecf1b1e20dfa859e8f34c4c18b7ad7ac14dc189bc1fc4be1bd709,hash_sha256,['alienvault'],1,2025-10-10T20:35:54,,0.7,medium,[],[''],,,,,,[],[],[],[],"{'alienvault': {'pulse_key': '68e96e29b73e5334019b8810', 'id': 4134919434, 'indicator': 'f6ed084aaa8ecf1b1e20dfa859e8f34c4c18b7ad7ac14dc189bc1fc4be1bd709', 'type': 'FileHash-SHA256', 'created': '2025-10-10T20:35:54', 'content': '', 'title': '', 'description': '', 'expiration': None, 'is_active': 1, 'false_positive': {'assessment': None, 'assessment_date': None, 'report_date': None}, 'slug': 'file', 'pulse_id': '68e96e29b73e5334019b8810'}}"
fetraa.com,domain,['alienvault'],1,2025-09-10T20:03:10,,0.7,medium,[],[''],,,,,,[],[],[],[],"{'alienvault': {'pulse_key': '68c1d94aeea0cbf6a74fd693', 'id': 3418573680, 'indicator': 'fetraa.com', 'type': 'domain', 'created': '2025-09-10T20:03:10', 'content': '', 'title': '', 'description': '', 'expiration': None, 'is_active': 1, 'false_positive': {'assessment': None, 'assessment_date': None, 'report_date': None}, 'slug': 'domain', 'pulse_id': '68c1d94aeea0cbf6a74fd693'}}"
ffd6f164c9f9248604e819b7b584c9d2907c967d,hash_sha1,['alienvault'],1,2025-10-10T20:35:54,,0.7,medium,[],[''],,,,,,[],[],[],[],"{'alienvault': {'pulse_key': '68e96e29b73e5334019b8810', 'id': 4136893827, 'indicator': 'ffd6f164c9f9248604e819b7b584c9d2907c967d', 'type': 'FileHash-SHA1', 'created': '2025-10-10T20:35:54', 'content': '', 'title': '', 'description': 'SHA1 of f6ed084aaa8ecf1b1e20dfa859e8f34c4c18b7ad7ac14dc189bc1fc4be1bd709', 'expiration': None, 'is_active': 1, 'false_positive': {'assessment': None, 'assessment_date': None, 'report_date': None}, 'slug': 'file', 'pulse_id': '68e96e29b73e5334019b8810'}}"
fionamcleod.net,domain,['alienvault'],1,2025-09-10T20:03:10,,0.7,medium,[],[''],,,,,,[],[],[],[],"{'alienvault': {'pulse_key': '68c1d94aeea0cbf6a74fd693', 'id': 2230715972, 'indicator': 'fionamcleod.net', 'type': 'domain', 'created': '2025-09-10T20:03:10', 'content': '', 'title': '', 'description': '', 'expiration': None, 'is_active': 1, 'false_positive': {'assessment': None, 'assessment_date': None, 'report_date': None}, 'slug': 'domain', 'pulse_id': '68c1d94aeea0cbf6a74fd693'}}"
http://cclresources.com/,url,['alienvault'],1,2025-09-12T01:41:36,,0.7,medium,[],[''],,,,,,[],[],[],[],"{'alienvault': {'pulse_key': '68c37a4f61a4eeb53a76aef0', 'id': 4129429404, 'indicator': 'http://cclresources.com/', 'type': 'URL', 'created': '2025-09-12T01:41:36', 'content': '', 'title': '', 'description': '', 'expiration': None, 'is_active': 1, 'false_positive': {'assessment': None, 'assessment_date': None, 'report_date': None}, 'slug': 'url', 'pulse_id': '68c37a4f61a4eeb53a76aef0'}}"
http://chevroncorpstocks.com/,url,['alienvault'],1,2025-09-12T01:41:36,,0.7,medium,[],[''],,,,,,[],[],[],[],"{'alienvault': {'pulse_key': '68c37a4f61a4eeb53a76aef0', 'id': 4129429405, 'indicator': 'http://chevroncorpstocks.com/', 'type': 'URL', 'created': '2025-09-12T01:41:36', 'content': '', 'title': '', 'description': '', 'expiration': None, 'is_active': 1, 'false_positive': {'assessment': None, 'assessment_date': None, 'report_date': None}, 'slug': 'url', 'pulse_id': '68c37a4f61a4eeb53a76aef0'}}"
http://conocophillips.live/,url,['alienvault'],1,2025-09-12T01:41:36,,0.7,medium,[],[''],,,,,,[],[],[],[],"{'alienvault': {'pulse_key': '68c37a4f61a4eeb53a76aef0', 'id': 4129429406, 'indicator': 'http://conocophillips.live/', 'type': 'URL', 'created': '2025-09-12T01:41:36', 'content': '', 'title': '', 'description': '', 'expiration': None, 'is_active': 1, 'false_positive': {'assessment': None, 'assessment_date': None, 'report_date': None}, 'slug': 'url', 'pulse_id': '68c37a4f61a4eeb53a76aef0'}}"
http://conocophillips.live/app/index.html,url,['alienvault'],1,2025-09-12T01:41:36,,0.7,medium,[],[''],,,,,,[],[],[],[],"{'alienvault': {'pulse_key': '68c37a4f61a4eeb53a76aef0', 'id': 4129429407, 'indicator': 'http://conocophillips.live/app/index.html', 'type': 'URL', 'created': '2025-09-12T01:41:36', 'content': '', 'title': '', 'description': '', 'expiration': None, 'is_active': 1, 'false_positive': {'assessment': None, 'assessment_date': None, 'report_date': None}, 'slug': 'url', 'pulse_id': '68c37a4f61a4eeb53a76aef0'}}"
http://conocophils.com/index.html,url,['alienvault'],1,2025-09-12T01:41:36,,0.7,medium,[],[''],,,,,,[],[],[],[],"{'alienvault': {'pulse_key': '68c37a4f61a4eeb53a76aef0', 'id': 4129429408, 'indicator': 'http://conocophils.com/index.html', 'type': 'URL', 'created': '2025-09-12T01:41:36', 'content': '', 'title': '', 'description': '', 'expiration': None, 'is_active': 1, 'false_positive': {'assessment': None, 'assessment_date': None, 'report_date': None}, 'slug': 'url', 'pulse_id': '68c37a4f61a4eeb53a76aef0'}}"
http://conocophils.com/operations/index.html,url,['alienvault'],1,2025-09-12T01:41:36,,0.7,medium,[],[''],,,,,,[],[],[],[],"{'alienvault': {'pulse_key': '68c37a4f61a4eeb53a76aef0', 'id': 4129429409, 'indicator': 'http://conocophils.com/operations/index.html', 'type': 'URL', 'created': '2025-09-12T01:41:36', 'content': '', 'title': '', 'description': '', 'expiration': None, 'is_active': 1, 'false_positive': {'assessment': None, 'assessment_date': None, 'report_date': None}, 'slug': 'url', 'pulse_id': '68c37a4f61a4eeb53a76aef0'}}"
http://pbfenergy.cc/,url,['alienvault'],1,2025-09-12T01:41:36,,0.7,medium,[],[''],,,,,,[],[],[],[],"{'alienvault': {'pulse_key': '68c37a4f61a4eeb53a76aef0', 'id': 4129429410, 'indicator': 'http://pbfenergy.cc/', 'type': 'URL', 'created': '2025-09-12T01:41:36', 'content': '', 'title': '', 'description': '', 'expiration': None, 'is_active': 1, 'false_positive': {'assessment': None, 'assessment_date': None, 'report_date': None}, 'slug': 'url', 'pulse_id': '68c37a4f61a4eeb53a76aef0'}}"
http://pbfenergy.cc/.,url,['alienvault'],1,2025-09-12T01:41:36,,0.7,medium,[],[''],,,,,,[],[],[],[],"{'alienvault': {'pulse_key': '68c37a4f61a4eeb53a76aef0', 'id': 4129429411, 'indicator': 'http://pbfenergy.cc/.', 'type': 'URL', 'created': '2025-09-12T01:41:36', 'content': '', 'title': '', 'description': '', 'expiration': None, 'is_active': 1, 'false_positive': {'assessment': None, 'assessment_date': None, 'report_date': None}, 'slug': 'url', 'pulse_id': '68c37a4f61a4eeb53a76aef0'}}"
http://phillips66shop.com/,url,['alienvault'],1,2025-09-12T01:41:36,,0.7,medium,[],[''],,,,,,[],[],[],[],"{'alienvault': {'pulse_key': '68c37a4f61a4eeb53a76aef0', 'id': 4129429412, 'indicator': 'http://phillips66shop.com/', 'type': 'URL', 'created': '2025-09-12T01:41:36', 'content': '', 'title': '', 'description': '', 'expiration': None, 'is_active': 1, 'false_positive': {'assessment': None, 'assessment_date': None, 'report_date': None}, 'slug': 'url', 'pulse_id': '68c37a4f61a4eeb53a76aef0'}}"
https://0x0.st/8WBr.py,url,['alienvault'],1,2025-10-10T20:37:00,,0.7,medium,[],[''],,,,,,[],[],[],[],"{'alienvault': {'pulse_key': '68e96e29b73e5334019b8810', 'id': 4134919435, 'indicator': 'https://0x0.st/8WBr.py', 'type': 'URL', 'created': '2025-10-10T20:37:00', 'content': '', 'title': '', 'description': '', 'expiration': None, 'is_active': 1, 'false_positive': {'assessment': None, 'assessment_date': None, 'report_date': None}, 'slug': 'url', 'pulse_id': '68e96e29b73e5334019b8810'}}"
https://conocophils.com/register,url,['alienvault'],1,2025-09-12T01:41:36,,0.7,medium,[],[''],,,,,,[],[],[],[],"{'alienvault': {'pulse_key': '68c37a4f61a4eeb53a76aef0', 'id': 4129429413, 'indicator': 'https://conocophils.com/register', 'type': 'URL', 'created': '2025-09-12T01:41:36', 'content': '', 'title': '', 'description': '', 'expiration': None, 'is_active': 1, 'false_positive': {'assessment': None, 'assessment_date': None, 'report_date': None}, 'slug': 'url', 'pulse_id': '68c37a4f61a4eeb53a76aef0'}}"
https://investors.pbfenergy.com/,url,['alienvault'],1,2025-09-12T01:41:36,,0.7,medium,[],[''],,,,,,[],[],[],[],"{'alienvault': {'pulse_key': '68c37a4f61a4eeb53a76aef0', 'id': 4129429414, 'indicator': 'https://investors.pbfenergy.com/', 'type': 'URL', 'created': '2025-09-12T01:41:36', 'content': '', 'title': '', 'description': '', 'expiration': None, 'is_active': 1, 'false_positive': {'assessment': None, 'assessment_date': None, 'report_date': None}, 'slug': 'url', 'pulse_id': '68c37a4f61a4eeb53a76aef0'}}"
https://is.gd/s5xknuj2,url,['alienvault'],1,2025-10-10T20:37:00,,0.7,medium,[],[''],,,,,,[],[],[],[],"{'alienvault': {'pulse_key': '68e96e29b73e5334019b8810', 'id': 4134919436, 'indicator': 'https://is.gd/s5xknuj2', 'type': 'URL', 'created': '2025-10-10T20:37:00', 'content': '', 'title': '', 'description': '', 'expiration': None, 'is_active': 1, 'false_positive': {'assessment': None, 'assessment_date': None, 'report_date': None}, 'slug': 'url', 'pulse_id': '68e96e29b73e5334019b8810'}}"
https://paste.rs/fVmzS,url,['alienvault'],1,2025-10-10T20:37:00,,0.7,medium,[],[''],,,,,,[],[],[],[],"{'alienvault': {'pulse_key': '68e96e29b73e5334019b8810', 'id': 4134919437, 'indicator': 'https://paste.rs/fVmzS', 'type': 'URL', 'created': '2025-10-10T20:37:00', 'content': '', 'title': '', 'description': '', 'expiration': None, 'is_active': 1, 'false_positive': {'assessment': None, 'assessment_date': None, 'report_date': None}, 'slug': 'url', 'pulse_id': '68e96e29b73e5334019b8810'}}"
https://phillips66-carros.site/,url,['alienvault'],1,2025-09-12T01:41:36,,0.7,medium,[],[''],,,,,,[],[],[],[],"{'alienvault': {'pulse_key': '68c37a4f61a4eeb53a76aef0', 'id': 4129429415, 'indicator': 'https://phillips66-carros.site/', 'type': 'URL', 'created': '2025-09-12T01:41:36', 'content': '', 'title': '', 'description': '', 'expiration': None, 'is_active': 1, 'false_positive': {'assessment': None, 'assessment_date': None, 'report_date': None}, 'slug': 'url', 'pulse_id': '68c37a4f61a4eeb53a76aef0'}}"
https://phillips66-carros.site/.,url,['alienvault'],1,2025-09-12T01:41:36,,0.7,medium,[],[''],,,,,,[],[],[],[],"{'alienvault': {'pulse_key': '68c37a4f61a4eeb53a76aef0', 'id': 4129429416, 'indicator': 'https://phillips66-carros.site/.', 'type': 'URL', 'created': '2025-09-12T01:41:36', 'content': '', 'title': '', 'description': '', 'expiration': None, 'is_active': 1, 'false_positive': {'assessment': None, 'assessment_date': None, 'report_date': None}, 'slug': 'url', 'pulse_id': '68c37a4f61a4eeb53a76aef0'}}"
https://phillips66lubricants.ru/,url,['alienvault'],1,2025-09-12T01:41:36,,0.7,medium,[],[''],,,,,,[],[],[],[],"{'alienvault': {'pulse_key': '68c37a4f61a4eeb53a76aef0', 'id': 4129429417, 'indicator': 'https://phillips66lubricants.ru/', 'type': 'URL', 'created': '2025-09-12T01:41:36', 'content': '', 'title': '', 'description': '', 'expiration': None, 'is_active': 1, 'false_positive': {'assessment': None, 'assessment_date': None, 'report_date': None}, 'slug': 'url', 'pulse_id': '68c37a4f61a4eeb53a76aef0'}}"
https://www.pbfenergy.com/,url,['alienvault'],1,2025-09-12T01:41:36,,0.7,medium,[],[''],,,,,,[],[],[],[],"{'alienvault': {'pulse_key': '68c37a4f61a4eeb53a76aef0', 'id': 3848441181, 'indicator': 'https://www.pbfenergy.com/', 'type': 'URL', 'created': '2025-09-12T01:41:36', 'content': '', 'title': '', 'description': '', 'expiration': None, 'is_active': 1, 'false_positive': {'assessment': None, 'assessment_date': None, 'report_date': None}, 'slug': 'url', 'pulse_id': '68c37a4f61a4eeb53a76aef0'}}"
humanenergy-company.com,domain,['alienvault'],1,2025-09-12T01:41:36,,0.7,medium,[],[''],,,,,,[],[],[],[],"{'alienvault': {'pulse_key': '68c37a4f61a4eeb53a76aef0', 'id': 4129429424, 'indicator': 'humanenergy-company.com', 'type': 'domain', 'created': '2025-09-12T01:41:36', 'content': '', 'title': '', 'description': '', 'expiration': None, 'is_active': 1, 'false_positive': {'assessment': None, 'assessment_date': None, 'report_date': None}, 'slug': 'domain', 'pulse_id': '68c37a4f61a4eeb53a76aef0'}}"
humanenergy-company.com.cargoxpressdelivery.com,domain,['alienvault'],1,2025-09-12T01:41:36,,0.7,medium,[],[''],,,,,,[],[],[],[],"{'alienvault': {'pulse_key': '68c37a4f61a4eeb53a76aef0', 'id': 4129429432, 'indicator': 'humanenergy-company.com.cargoxpressdelivery.com', 'type': 'hostname', 'created': '2025-09-12T01:41:36', 'content': '', 'title': '', 'description': '', 'expiration': None, 'is_active': 1, 'false_positive': {'assessment': None, 'assessment_date': None, 'report_date': None}, 'slug': 'hostname', 'pulse_id': '68c37a4f61a4eeb53a76aef0'}}"
investors.pbfenergy.com,domain,['alienvault'],1,2025-09-12T01:41:36,,0.7,medium,[],[''],,,,,,[],[],[],[],"{'alienvault': {'pulse_key': '68c37a4f61a4eeb53a76aef0', 'id': 4129429433, 'indicator': 'investors.pbfenergy.com', 'type': 'hostname', 'created': '2025-09-12T01:41:36', 'content': '', 'title': '', 'description': '', 'expiration': None, 'is_active': 1, 'false_positive': {'assessment': None, 'assessment_date': None, 'report_date': None}, 'slug': 'hostname', 'pulse_id': '68c37a4f61a4eeb53a76aef0'}}"
malware.name,domain,['alienvault'],1,2025-09-12T01:41:36,,0.7,medium,[],[''],,,,,,[],[],[],[],"{'alienvault': {'pulse_key': '68c37a4f61a4eeb53a76aef0', 'id': 4068844661, 'indicator': 'malware.name', 'type': 'domain', 'created': '2025-09-12T01:41:36', 'content': '', 'title': '', 'description': '', 'expiration': None, 'is_active': 1, 'false_positive': {'assessment': None, 'assessment_date': None, 'report_date': None}, 'slug': 'domain', 'pulse_id': '68c37a4f61a4eeb53a76aef0'}}"
orangeoffers.click,domain,['alienvault'],1,2025-09-12T01:41:36,,0.7,medium,[],[''],,,,,,[],[],[],[],"{'alienvault': {'pulse_key': '68c37a4f61a4eeb53a76aef0', 'id': 4129429425, 'indicator': 'orangeoffers.click', 'type': 'domain', 'created': '2025-09-12T01:41:36', 'content': '', 'title': '', 'description': '', 'expiration': None, 'is_active': 1, 'false_positive': {'assessment': None, 'assessment_date': None, 'report_date': None}, 'slug': 'domain', 'pulse_id': '68c37a4f61a4eeb53a76aef0'}}"
pbfenergy.cc,domain,['alienvault'],1,2025-09-12T01:41:36,,0.7,medium,[],[''],,,,,,[],[],[],[],"{'alienvault': {'pulse_key': '68c37a4f61a4eeb53a76aef0', 'id': 4129429426, 'indicator': 'pbfenergy.cc', 'type': 'domain', 'created': '2025-09-12T01:41:36', 'content': '', 'title': '', 'description': '', 'expiration': None, 'is_active': 1, 'false_positive': {'assessment': None, 'assessment_date': None, 'report_date': None}, 'slug': 'domain', 'pulse_id': '68c37a4f61a4eeb53a76aef0'}}"
phillips66-carros.site,domain,['alienvault'],1,2025-09-12T01:41:36,,0.7,medium,[],[''],,,,,,[],[],[],[],"{'alienvault': {'pulse_key': '68c37a4f61a4eeb53a76aef0', 'id': 4129429427, 'indicator': 'phillips66-carros.site', 'type': 'domain', 'created': '2025-09-12T01:41:36', 'content': '', 'title': '', 'description': '', 'expiration': None, 'is_active': 1, 'false_positive': {'assessment': None, 'assessment_date': None, 'report_date': None}, 'slug': 'domain', 'pulse_id': '68c37a4f61a4eeb53a76aef0'}}"
phillips66lubricants.ru,domain,['alienvault'],1,2025-09-12T01:41:36,,0.7,medium,[],[''],,,,,,[],[],[],[],"{'alienvault': {'pulse_key': '68c37a4f61a4eeb53a76aef0', 'id': 4129429428, 'indicator': 'phillips66lubricants.ru', 'type': 'domain', 'created': '2025-09-12T01:41:36', 'content': '', 'title': '', 'description': '', 'expiration': None, 'is_active': 1, 'false_positive': {'assessment': None, 'assessment_date': None, 'report_date': None}, 'slug': 'domain', 'pulse_id': '68c37a4f61a4eeb53a76aef0'}}"
phillips66shop.com,domain,['alienvault'],1,2025-09-12T01:41:36,,0.7,medium,[],[''],,,,,,[],[],[],[],"{'alienvault': {'pulse_key': '68c37a4f61a4eeb53a76aef0', 'id': 4129429429, 'indicator': 'phillips66shop.com', 'type': 'domain', 'created': '2025-09-12T01:41:36', 'content': '', 'title': '', 'description': '', 'expiration': None, 'is_active': 1, 'false_positive': {'assessment': None, 'assessment_date': None, 'report_date': None}, 'slug': 'domain', 'pulse_id': '68c37a4f61a4eeb53a76aef0'}}"
powerontheroad.org,domain,['alienvault'],1,2025-09-10T20:03:10,,0.7,medium,[],[''],,,,,,[],[],[],[],"{'alienvault': {'pulse_key': '68c1d94aeea0cbf6a74fd693', 'id': 4129011469, 'indicator': 'powerontheroad.org', 'type': 'domain', 'created': '2025-09-10T20:03:10', 'content': '', 'title': '', 'description': '', 'expiration': None, 'is_active': 1, 'false_positive': {'assessment': None, 'assessment_date': None, 'report_date': None}, 'slug': 'domain', 'pulse_id': '68c1d94aeea0cbf6a74fd693'}}"
rs.mezi.bet,domain,['alienvault'],1,2025-09-12T14:56:56,,0.7,medium,[],[''],,,,,,[],[],[],[],"{'alienvault': {'pulse_key': '68c434b702367baa76c87ab9', 'id': 4124190162, 'indicator': 'rs.mezi.bet', 'type': 'hostname', 'created': '2025-09-12T14:56:56', 'content': '', 'title': '', 'description': '', 'expiration': None, 'is_active': 1, 'false_positive': {'assessment': None, 'assessment_date': None, 'report_date': None}, 'slug': 'hostname', 'pulse_id': '68c434b702367baa76c87ab9'}}"
safiasol.com,domain,['alienvault'],1,2025-09-10T20:03:10,,0.7,medium,[],[''],,,,,,[],[],[],[],"{'alienvault': {'pulse_key': '68c1d94aeea0cbf6a74fd693', 'id': 4129011470, 'indicator': 'safiasol.com', 'type': 'domain', 'created': '2025-09-10T20:03:10', 'content': '', 'title': '', 'description': '', 'expiration': None, 'is_active': 1, 'false_positive': {'assessment': None, 'assessment_date': None, 'report_date': None}, 'slug': 'domain', 'pulse_id': '68c1d94aeea0cbf6a74fd693'}}"
sealtribute.org,domain,['alienvault'],1,2025-09-10T20:03:10,,0.7,medium,[],[''],,,,,,[],[],[],[],"{'alienvault': {'pulse_key': '68c1d94aeea0cbf6a74fd693', 'id': 4129011471, 'indicator': 'sealtribute.org', 'type': 'domain', 'created': '2025-09-10T20:03:10', 'content': '', 'title': '', 'description': '', 'expiration': None, 'is_active': 1, 'false_positive': {'assessment': None, 'assessment_date': None, 'report_date': None}, 'slug': 'domain', 'pulse_id': '68c1d94aeea0cbf6a74fd693'}}"
sinhluc.net,domain,['alienvault'],1,2025-09-10T20:03:10,,0.7,medium,[],[''],,,,,,[],[],[],[],"{'alienvault': {'pulse_key': '68c1d94aeea0cbf6a74fd693', 'id': 4129011472, 'indicator': 'sinhluc.net', 'type': 'domain', 'created': '2025-09-10T20:03:10', 'content': '', 'title': '', 'description': '', 'expiration': None, 'is_active': 1, 'false_positive': {'assessment': None, 'assessment_date': None, 'report_date': None}, 'slug': 'domain', 'pulse_id': '68c1d94aeea0cbf6a74fd693'}}"
theuklg.com,domain,['alienvault'],1,2025-09-10T20:03:10,,0.7,medium,[],[''],,,,,,[],[],[],[],"{'alienvault': {'pulse_key': '68c1d94aeea0cbf6a74fd693', 'id': 4129011473, 'indicator': 'theuklg.com', 'type': 'domain', 'created': '2025-09-10T20:03:10', 'content': '', 'title': '', 'description': '', 'expiration': None, 'is_active': 1, 'false_positive': {'assessment': None, 'assessment_date': None, 'report_date': None}, 'slug': 'domain', 'pulse_id': '68c1d94aeea0cbf6a74fd693'}}"
traveldog.org,domain,['alienvault'],1,2025-09-10T20:03:10,,0.7,medium,[],[''],,,,,,[],[],[],[],"{'alienvault': {'pulse_key': '68c1d94aeea0cbf6a74fd693', 'id': 4129011474, 'indicator': 'traveldog.org', 'type': 'domain', 'created': '2025-09-10T20:03:10', 'content': '', 'title': '', 'description': '', 'expiration': None, 'is_active': 1, 'false_positive': {'assessment': None, 'assessment_date': None, 'report_date': None}, 'slug': 'domain', 'pulse_id': '68c1d94aeea0cbf6a74fd693'}}"
www.humanenergy-company.com,unknown,['alienvault'],1,2025-09-12T01:41:36,,0.7,medium,[],[''],,,,,,[],[],[],[],"{'alienvault': {'pulse_key': '68c37a4f61a4eeb53a76aef0', 'id': 4129429434, 'indicator': 'www.humanenergy-company.com', 'type': 'hostname', 'created': '2025-09-12T01:41:36', 'content': '', 'title': '', 'description': '', 'expiration': None, 'is_active': 1, 'false_positive': {'assessment': None, 'assessment_date': None, 'report_date': None}, 'slug': 'hostname', 'pulse_id': '68c37a4f61a4eeb53a76aef0'}}"
www.humanenergy-company.com.cargoxpressdelivery.com,unknown,['alienvault'],1,2025-09-12T01:41:36,,0.7,medium,[],[''],,,,,,[],[],[],[],"{'alienvault': {'pulse_key': '68c37a4f61a4eeb53a76aef0', 'id': 4129429435, 'indicator': 'www.humanenergy-company.com.cargoxpressdelivery.com', 'type': 'hostname', 'created': '2025-09-12T01:41:36', 'content': '', 'title': '', 'description': '', 'expiration': None, 'is_active': 1, 'false_positive': {'assessment': None, 'assessment_date': None, 'report_date': None}, 'slug': 'hostname', 'pulse_id': '68c37a4f61a4eeb53a76aef0'}}"
www.pbfenergy.com,domain,['alienvault'],1,2025-09-12T01:41:36,,0.7,medium,[],[''],,,,,,[],[],[],[],"{'alienvault': {'pulse_key': '68c37a4f61a4eeb53a76aef0', 'id': 3848441222, 'indicator': 'www.pbfenergy.com', 'type': 'hostname', 'created': '2025-09-12T01:41:36', 'content': '', 'title': '', 'description': '', 'expiration': None, 'is_active': 1, 'false_positive': {'assessment': None, 'assessment_date': None, 'report_date': None}, 'slug': 'hostname', 'pulse_id': '68c37a4f61a4eeb53a76aef0'}}"
www.slickvpn.com,domain,['alienvault'],1,2025-09-11T19:39:21,,0.7,medium,[],[''],,,,,,[],[],[],[],"{'alienvault': {'pulse_key': '68c32568c1f6fad2db3a2d3a', 'id': 4129330283, 'indicator': 'www.slickvpn.com', 'type': 'hostname', 'created': '2025-09-11T19:39:21', 'content': '', 'title': '', 'description': '', 'expiration': None, 'is_active': 1, 'false_positive': {'assessment': None, 'assessment_date': None, 'report_date': None}, 'slug': 'hostname', 'pulse_id': '68c32568c1f6fad2db3a2d3a'}}"
wwwmyphillips66card.com,domain,['alienvault'],1,2025-09-12T01:41:36,,0.7,medium,[],[''],,,,,,[],[],[],[],"{'alienvault': {'pulse_key': '68c37a4f61a4eeb53a76aef0', 'id': 2897390742, 'indicator': 'wwwmyphillips66card.com', 'type': 'domain', 'created': '2025-09-12T01:41:36', 'content': '', 'title': '', 'description': '', 'expiration': None, 'is_active': 1, 'false_positive': {'assessment': None, 'assessment_date': None, 'report_date': None}, 'slug': 'domain', 'pulse_id': '68c37a4f61a4eeb53a76aef0'}}"
xn--conocopillips-2z0g.com,domain,['alienvault'],1,2025-09-12T01:41:36,,0.7,medium,[],[''],,,,,,[],[],[],[],"{'alienvault': {'pulse_key': '68c37a4f61a4eeb53a76aef0', 'id': 4129429430, 'indicator': 'xn--conocopillips-2z0g.com', 'type': 'domain', 'created': '2025-09-12T01:41:36', 'content': '', 'title': '', 'description': '', 'expiration': None, 'is_active': 1, 'false_positive': {'assessment': None, 'assessment_date': None, 'report_date': None}, 'slug': 'domain', 'pulse_id': '68c37a4f61a4eeb53a76aef0'}}"
